id,origin,destination,distance_km,zone,base_fare_zar
1,BELLVILLE,DURBANVILLE,12.92,Zone 3,18.0
2,BELLVILLE,NYANGA,15.81,Zone 3,18.0
3,BELLVILLE,KHAYELITSHA,22.22,Zone 4,25.0
4,BELLVILLE,MOWBRAY,24.91,Zone 4,25.0
5,GUGULETU,CLAREMONT,15.46,Zone 3,18.0
6,GUGULETU,SEA POINT,35.08,Zone 5,35.0
7,KHAYELITSHA,WYNBERG,22.4,Zone 4,25.0
8,MITCHELLS PLAIN - TOWN CENTRE,WYNBERG,26.38,Zone 4,25.0
9,LANGA,CAPE TOWN,15.4,Zone 3,18.0
10,LANGA,SEA POINT,24.45,Zone 4,25.0
11,LANGA,MOWBRAY,9.84,Zone 2,12.0
12,NYANGA,WYNBERG,14.23,Zone 3,18.0
13,NYANGA,CLAREMONT,16.18,Zone 3,18.0
14,NYANGA,ATHLONE,11.53,Zone 3,18.0
15,NYANGA,MOWBRAY,15.65,Zone 3,18.0
16,NYANGA,CAPE TOWN,23.15,Zone 4,25.0
17,WYNBERG,KHAYELITSHA,32.22,Zone 4,25.0
18,WYNBERG,CONSTANTIA,6.94,Zone 2,12.0
19,WYNBERG,CAPE TOWN,14.55,Zone 3,18.0
20,BONTEHEUWEL,MOWBRAY,10.6,Zone 3,18.0
21,CAPE TOWN,HOUT BAY,30.33,Zone 4,25.0
22,HEIDEVELD,MOWBRAY,11.72,Zone 3,18.0
23,HEIDEVELD,CAPE TOWN,18.58,Zone 3,18.0
24,OCEAN VIEW,FISH HOEK,12.31,Zone 3,18.0
25,WYNBERG,HOUTBAY,21.37,Zone 4,25.0
26,MOWBRAY,MANENBERG,13.92,Zone 3,18.0
27,KHAYELITSHA,MOWBRAY,24.43,Zone 4,25.0
28,NYANGA,PAROW,17.28,Zone 3,18.0
29,ELSIES RIVER,NYANGA,13.85,Zone 3,18.0
30,PAROW,NYANGA,13.9,Zone 3,18.0
31,BONTEHEUWEL,CAPE TOWN,11.75,Zone 3,18.0
32,KHAYELITSHA,LANGA,19.14,Zone 3,18.0
33,MITCHELLS PLAIN 3RD/7TH AVENUE,HANOVER PARK,17.15,Zone 3,18.0
34,CAPE TOWN,HEIDEVELD,19.5,Zone 3,18.0
35,MFULENI,BLACKHEATH,7.72,Zone 2,12.0
36,HANOVER PARK,CLAREMONT,7.87,Zone 2,12.0
37,BELLVILLE,MAKHAZA KHAYELITSHA,29.88,Zone 4,25.0
38,BELLVILLE,WALLACEDENE,14.24,Zone 3,18.0
39,LWANDLE,SOMERSET WEST,7.5,Zone 2,12.0
40,LWANDLE,KHAYELITSHA,34.76,Zone 4,25.0
41,THE HAGUE DELFT,MITCHELLS PLAIN,16.14,Zone 3,18.0
42,VOORBRUG DELFT,MITCHELLS PLAIN,15.22,Zone 3,18.0
43,THE HAGUE DELFT,PAROW,15.39,Zone 3,18.0
44,PAROW,UITSIG,3.95,Zone 1,8.0
45,VOORBRUG DELFT,PAROW,16.53,Zone 3,18.0
46,THE HAGUE DELFT,BELLVILLE,12.78,Zone 3,18.0
47,EINDHOVEN DELFT,CAPE TOWN,32.53,Zone 4,25.0
48,EINDHOVEN DELFT,PAROW,17.93,Zone 3,18.0
49,EINDHOVEN DELFT,ELSIES RIVER,16.07,Zone 3,18.0
50,VOORBRUG,ELSIES RIVER,14.67,Zone 3,18.0
51,UNIBELL,BELLVILLE,24.56,Zone 4,25.0
52,PAROW SANLAM CENTRE,VOORBRUG DELFT,15.05,Zone 3,18.0
53,LOTUS RIVER,WYNBERG,8.88,Zone 2,12.0
54,MELTON ROSE,ELSIES RIVER,4.9,Zone 1,8.0
55,GRASSY PARK,WYNBERG,8.99,Zone 2,12.0
56,GRASSY PARK,MITCHELLS PLAIN,21.05,Zone 4,25.0
57,HANOVER PARK,RETREAT,17.34,Zone 3,18.0
58,HANOVER PARK,CAPE TOWN (VIA KROMBOOM),19.19,Zone 3,18.0
59,HANOVER PARK,ATHLONE,6.58,Zone 2,12.0
60,KHAYELITSHA,PAROW,22.7,Zone 4,25.0
61,PAROW STATION,BELHAR DELFT,16.51,Zone 3,18.0
62,PAROW STATION,NORWOOD,6.99,Zone 2,12.0
63,PAROW STATION,ELSIES RIVER,7.16,Zone 2,12.0
64,PAROW STATION,RAVENSMEAD,4.21,Zone 1,8.0
65,MELTON ROSE,BELLVILLE,17.56,Zone 3,18.0
66,MITCHELLS PLAIN,NORTHWOOD,6.16,Zone 2,12.0
67,HAZELDENE,SPINE RD MITCHELLS PLAIN,4.88,Zone 1,8.0
68,MITCHELLS PLAIN,TAFELSIG,5.46,Zone 2,12.0
69,SAXONWOLD,ATLANTIS,49.53,Zone 5,35.0
70,SOMERSET WEST,VIA MUSICA MACASSAR,15.27,Zone 3,18.0
71,SOMERSET WEST,VIA ALBATROS MACASSAR,16.6,Zone 3,18.0
72,SOMERSET WEST,KRAMAT,15.45,Zone 3,18.0
73,SOMERSET WEST,GORDONS BAY,17.04,Zone 3,18.0
74,N1 CITY,ELSIES RIVER,4.68,Zone 1,8.0
75,VASCO VIA N1 CITY,ELSIES RIVER,6.63,Zone 2,12.0
76,N1 CITY,MITCHELLS PLAIN,30.98,Zone 4,25.0
77,WYNBERG,HANOVER PARK,7.62,Zone 2,12.0
78,HANOVER PARK,CAPE TOWN (VIA MOWBRAY),17.67,Zone 3,18.0
79,HANOVER PARK,CAPE TOWN (VIA SETTLERS WAY),21.44,Zone 4,25.0
80,KLIPHEUWEL,BELLVILLE,64.86,Zone 5,35.0
81,KENSINGTON,CAPE TOWN,16.77,Zone 3,18.0
82,KENSINGTON,VASCO,7.89,Zone 2,12.0
83,KENSINGTON,MUTUAL STATION,4.66,Zone 1,8.0
84,MITCHELLS PLAIN,LENTEGEUR STATION,15.48,Zone 3,18.0
85,PAROW,PANORAMA,9.22,Zone 2,12.0
86,VREDEHOEK,CAPE TOWN,4.6,Zone 1,8.0
87,MITCHELLS PLAIN,NEW LENTEGEUR,7.48,Zone 2,12.0
88,MITCHELLS PLAIN,NEW LENTEGEUR (VIA HENGELAAR),5.99,Zone 2,12.0
89,MITCHELLS PLAIN,MONTROSE PARK,6.88,Zone 2,12.0
90,MELTON ROSE,DELFT,11.15,Zone 3,18.0
91,MITCHELLS PLAIN,CAPE TOWN,34.61,Zone 4,25.0
92,ELSIES RIVER,NETREG,11.39,Zone 3,18.0
93,CAPE TOWN,WYNBERG,14.74,Zone 3,18.0
94,CAPE TOWN,HOUT BAY (VIA HIGH LEVEL RD),29.87,Zone 4,25.0
95,CAPE TOWN,HOUT BAY (VIA MAIN RD),29.83,Zone 4,25.0
96,CAPE TOWN,HOUT BAY (VIA KLOOF RD),26.41,Zone 4,25.0
97,CAPE TOWN,HOUT BAY (VIA WESTERN BLVD),30.05,Zone 4,25.0
98,SEA POINT,NYANGA,32.44,Zone 4,25.0
99,PELLA,MALMESBURY,45.15,Zone 5,35.0
100,PELLA,DARLING,19.38,Zone 3,18.0
101,PELLA,ATLANTIS,8.77,Zone 2,12.0
102,GRASSY PARK,VIA PLUMSTEAD - WYNBERG,7.53,Zone 2,12.0
103,GRASSY PARK,VIA VICTORIA RD - WYNBERG,8.99,Zone 2,12.0
104,VOORBRUG DELFT,BELLVILLE,14.92,Zone 3,18.0
105,MITCHELLS PLAIN,VIA MOWBRAY - CAPE TOWN,34.34,Zone 4,25.0
106,MITCHELLS PLAIN,VIA MERRYDALE - CAPE TOWN,38.03,Zone 5,35.0
107,MITCHELLS PLAIN,VIA BELGRAVIA - CAPE TOWN,37.79,Zone 5,35.0
108,MITCHELLS PLAIN,GROOTTE SCHUUR HOSPITAL,40.45,Zone 5,35.0
109,BELLVILLE,BELLVILLE SOUTH,6.58,Zone 2,12.0
110,BELLVILLE,EERSTE RIVER,21.05,Zone 4,25.0
111,BELLVILLE,TYGERBERG HOSPITAL,6.4,Zone 2,12.0
112,BELLVILLE,KARL BREMMER HOSPITAL,4.15,Zone 1,8.0
113,BELLVILLE,CAPE TOWN,24.06,Zone 4,25.0
114,VOORBRUG DELFT,CAPE TOWN,33.19,Zone 4,25.0
115,MELTON ROSE,EERSTE RIVER,10.79,Zone 3,18.0
116,FALSE BAY,GRASSY PARK,10.01,Zone 3,18.0
117,MUTUAL STATION,RICHWOOD,26.03,Zone 4,25.0
118,CAPE TOWN,SOMERSET HOSPITAL,3.16,Zone 1,8.0
119,KHAYELITSHA,CLAREMONT,24.41,Zone 4,25.0
120,KHAYELITSHA,BELLVILLE,22.64,Zone 4,25.0
121,EINDHOVEN DELFT,BELLVILLE,16.32,Zone 3,18.0
122,THE HAGUE DELFT,CAPE TOWN,34.11,Zone 4,25.0
123,MANDALAY,3RD /7TH AVE MITCHELLS PLAIN,10.37,Zone 3,18.0
124,BONTEHEUWEL,ATHLONE,10.6,Zone 3,18.0
125,ATLANTIS,MELKBOSSTRAND,33.06,Zone 4,25.0
126,ATLANTIS,DARLING,12.25,Zone 3,18.0
127,ATLANTIS VIA REYGERSDAL,FABRIEKS AREA ATLANTIS,10.49,Zone 3,18.0
128,ATLANTIS VIA HOOP SINGEL,FABRIEKS AREA ATLANTIS,17.07,Zone 3,18.0
129,ATLANTIS,WESFLEUR,4.07,Zone 1,8.0
130,KOEBERG STATION,FRANKDALE,31.56,Zone 4,25.0
131,KOEBERG STATION,SANDDRIFT,19.86,Zone 3,18.0
132,KOEBERG STATION,MONTAGUE GARDENS,13.51,Zone 3,18.0
133,KOEBERG STATION,MILNERTON,8.56,Zone 2,12.0
134,KOEBERG STATION,CAMBRIDGE,7.02,Zone 2,12.0
135,LENTEGEUR STATION,TOWN CENTRE MITCHELLS PLAIN,10.65,Zone 3,18.0
136,NORTHWOOD,LENTEGEUR STATION,3.98,Zone 1,8.0
137,PARKWOOD,VIA LIME RD -WYNBERH,5.8,Zone 2,12.0
138,PARKWOOD,VIA BLACKBIRD WLK - WYNBERG,6.11,Zone 2,12.0
139,PARKWOOD,VIA KESTREL RD - WYNBERG,6.09,Zone 2,12.0
140,PARKWOOD,VIA PLANTATION RD - WYNBERG,6.18,Zone 2,12.0
141,PARKWOOD,VIA WALMER RD - WYNBERG,13.58,Zone 3,18.0
142,PARKWOOD,SOUTHFIELD,8.36,Zone 2,12.0
143,LANGA,ATHLONE,6.32,Zone 2,12.0
144,NYANGA,NYANGA STATION,3.55,Zone 1,8.0
145,CROSS ROADS,WYNBERG,17.54,Zone 3,18.0
146,KHAYELITSHA,ELSIES RIVER,22.81,Zone 4,25.0
147,THE HAGUE DELFT,ELSIES RIVER,13.53,Zone 3,18.0
148,KOEBERG STATION,MITCHELLS PLAIN,32.07,Zone 4,25.0
149,BONTEHEUWEL,SILVERTOWN,17.76,Zone 3,18.0
150,TABLE VIEW,KOEBERG STATION,21.95,Zone 4,25.0
151,MITCHELLS PLAIN,LONDON VILLAGE,14.24,Zone 3,18.0
152,UNIBELL,BELLVILLE STATION,17.24,Zone 3,18.0
153,RED CROSS HOSPITAL,ELSIES RIVER,21.66,Zone 4,25.0
154,NYANGA,SEA POINT,32.41,Zone 4,25.0
155,WALLACEDENE,BELLVILLE,14.25,Zone 3,18.0
156,BRACKENFELL,BLOEKOMBOS (VIA WALLACEDENE),15.89,Zone 3,18.0
157,BELLVILLE,EVERSDAL,15.65,Zone 3,18.0
158,EIKENFONTEIN,WALLACEDENE,8.22,Zone 2,12.0
159,MACASSAR,SOMERSET WEST (VIA MADALABOS),20.13,Zone 4,25.0
160,MACASSAR,SOMERSET WEST (VIA ZANDVLIET RD),18.05,Zone 3,18.0
161,MACASSAR,SOMERSET WEST (VIA DE BEERS),24.44,Zone 4,25.0
162,MACASSAR,FIRGROVE (VIA R102),8.8,Zone 2,12.0
163,MACASSAR,SOMERSET WEST (VIA FIRGROVE),20.14,Zone 4,25.0
164,MACASSAR,SOMERSET WEST (VIA R102),15.58,Zone 3,18.0
165,MACASSAR,SOMERSET WEST,15.1,Zone 3,18.0
166,MACASSAR,BLACKHEATH,19.99,Zone 3,18.0
167,MACASSAR,EERSTE RIVER,13.24,Zone 3,18.0
168,FIRGROVE,SOMERSET WEST (VIA,10.61,Zone 3,18.0
169,FIRGROVE,MACASSAR,3.27,Zone 1,8.0
170,FIRGROVE,EERSTE RIVER,11.47,Zone 3,18.0
171,HANOVER PARK,LANSDOWNE,3.52,Zone 1,8.0
172,MACASSAR,SOMERSET WEST (VIA STEYNSRUS),13.16,Zone 3,18.0
173,V & A WATERFRONT,CAPE TOWN CAPTOUR,3.8,Zone 1,8.0
174,V & A WATERFRONT,CAPE TOWN INTERSITE,3.61,Zone 1,8.0
175,V & A WATERFRONT,CAPE TOWN OLD MARINE RD,3.88,Zone 1,8.0
176,V & A WATERFRONT,CABLE WAY STATION,16.53,Zone 3,18.0
177,V & A WATERFRONT,CAPE TOWN INTERNATIONAL AIRPORT,28.07,Zone 4,25.0
178,ATLANTIS,DUINEFONTEIN MELKBOS STRAND,28.99,Zone 4,25.0
179,ATLANTIS,FABRIEKS AREA ATLANTIS,7.91,Zone 2,12.0
180,ATLANTIS,SAXON SEA ATLANTIS,3.68,Zone 1,8.0
181,ATLANTIS,MALMESBURY,36.54,Zone 5,35.0
182,MAMRE,FABRIEKS AREA ATLANTIS,15.3,Zone 3,18.0
183,MAMRE,FABRIEKS AREA ATLANTIS (VIA ATLANTIS),35.88,Zone 5,35.0
184,MAMRE,DARLING,37.57,Zone 5,35.0
185,MAMRE,CAPE TOWN (VIA KILLARNEY),79.59,Zone 5,35.0
186,CAPE TOWN,CAMPS BAY (VIA HIGH LEVEL RD),13.45,Zone 3,18.0
187,CAPE TOWN,CAMPS BAY (VIA MAIN RD),13.42,Zone 3,18.0
188,CAPE TOWN,CAMPS BAY (VIA KLOOF RD),12.01,Zone 3,18.0
189,CAPE TOWN,CAMPS BAY (VIA WESTERN BLVD),13.63,Zone 3,18.0
190,RETREAT,GRASSY PARK,8.83,Zone 2,12.0
191,RETREAT,RETREAT,4.94,Zone 1,8.0
192,MANENBERG,CLAREMONT,13.94,Zone 3,18.0
193,MANENBERG,MOWBRAY,13.84,Zone 3,18.0
194,MANENBERG,CAPE TOWN,20.78,Zone 4,25.0
195,HOUT BAY,WYNBERG,21.43,Zone 4,25.0
196,CAPE TOWN,GARDENS,5.13,Zone 2,12.0
197,CAPE TOWN,ORANJEZICHT,5.56,Zone 2,12.0
198,CAPE TOWN,CABLE WAY STATION,14.16,Zone 3,18.0
199,GRASSY PARK,HANOVER PARK,10.33,Zone 3,18.0
200,KHAYELITSHA,SEA POINT,40.12,Zone 5,35.0
201,MITCHELLS PLAIN,WYNBERG,30.92,Zone 4,25.0
202,TYGERBERG HOSPITAL,ELSIES RIVER,11.26,Zone 3,18.0
203,TYGERBERG HOSPITAL,PAROW,5.64,Zone 2,12.0
204,TYGERBERG HOSPITAL,TYGERBERG RAILWAY STATION,4.47,Zone 1,8.0
205,TYGERBERG HOSPITAL,BELLVILLE,6.27,Zone 2,12.0
206,TYGERBERG HOSPITAL,DELFT,20.81,Zone 4,25.0
207,CAPE TOWN,WYNBERG (VIA M3),15.28,Zone 3,18.0
208,BELHAR,BELLVILLE,12.39,Zone 3,18.0
209,HAZELDENE,ROCKLANDS,6.07,Zone 2,12.0
210,HAZELDENE,WESTRIDGE,3.52,Zone 1,8.0
211,HAZELDENE,WESTGATE MALL,5.15,Zone 2,12.0
212,HAZELDENE,WESTGATE MALL (VIA SILVERSANDS),4.93,Zone 1,8.0
213,HAZELDENE,WESTGATE MALL (VIA KAPTEINSKLIP),10.22,Zone 3,18.0
214,HAZELDENE,WESTGATE PALMS,6.65,Zone 2,12.0
215,HAZELDENE,N1 CITY,32.94,Zone 4,25.0
216,RETREAT,RETREAT STATION,5.45,Zone 2,12.0
217,BELLVILLE,CAPE TOWN (VIA N1 CITY),28.09,Zone 4,25.0
218,STEENBERG,WESTLAKE,4.97,Zone 1,8.0
219,STEENBERG,TOKAI,2.69,Zone 1,8.0
220,MITCHELLS PLAIN,LOST CITY,6.36,Zone 2,12.0
221,GROOTTE SCHUUR HOSPITAL,CAPE TOWN,5.53,Zone 2,12.0
222,GROOTTE SCHUUR HOSPITAL,WYNBERG,9.94,Zone 2,12.0
223,GROOTTE SCHUUR HOSPITAL,MITCHELLS PLAIN,29.72,Zone 4,25.0
224,ATLANTIS,MELKBOS STRAND,31.67,Zone 4,25.0
225,SOMERSET WEST,LOURENSFORD(SOMERSET WEST),11.99,Zone 3,18.0
226,SOMERSET WEST,DRAMA STREET(SOMERSET WEST),7.77,Zone 2,12.0
227,SOMERSET WEST,UPPER MOUNTAIN STREET(SOMERSET WEST),9.1,Zone 2,12.0
228,SOMERSET WEST,RUE MOUNT PELLAR(SOMERSET WEST),12.31,Zone 3,18.0
229,SOMERSET WEST,KRAMAT WAY(MACASSAR),20.8,Zone 4,25.0
230,SOMERSET WEST,LINK AVENUE WAY(MACASSAR),18.69,Zone 3,18.0
231,SOMERSET WEST,STRAND,11.24,Zone 3,18.0
232,SOMERSET WEST,SIR LOWRYS PASS TOWN,19.8,Zone 3,18.0
233,SOMERSET WEST,RIVERTON STREET(SOMERSET WEST),10.59,Zone 3,18.0
234,SOMERSET WEST,DIAZ STREET(SOMERSET WEST),3.01,Zone 1,8.0
235,SOMERSET WEST,LOURENS STREET(SOMERSET WEST),2.71,Zone 1,8.0
236,SOMERSET WEST,RAILWAY STATION(SOMERSET WEST),1.74,Zone 1,8.0
237,SOMERSET WEST,VICTORIA PARK,2.61,Zone 1,8.0
238,SOMERSET WEST,ADVANCED MEDICAL TECHNOLOGY(SOMERSET WEST),4.69,Zone 1,8.0
239,HANOVER PARK,CAPE TOWN,21.95,Zone 4,25.0
240,GRASSY PARK,RETREAT,4.25,Zone 1,8.0
241,WYNBERG,RETREAT,7.8,Zone 2,12.0
242,MITCHELLS PLAIN (CALYPSO SQUARE),BEACON VALLEY,2.79,Zone 1,8.0
243,CAPE TOWN,VREDEHOEK,4.43,Zone 1,8.0
244,CAPE TOWN,WALMER ESTATE,3.56,Zone 1,8.0
245,STRAND,CASSA BLANCA (STRAND),9.69,Zone 2,12.0
246,STRAND,SOMERSET WEST,6.34,Zone 2,12.0
247,STRAND,TEMPERANCE TOWN (GORDONS BAY),11.02,Zone 3,18.0
248,STRAND,MACASSAR,14.29,Zone 3,18.0
249,STRAND,SIR LOWRYS PASS TOWN,14.31,Zone 3,18.0
250,STRAND,SOMERSET WEST MALL,6.12,Zone 2,12.0
251,KILLARNEY,MAITLAND,18.47,Zone 3,18.0
252,N1 CITY,VASCO,2.92,Zone 1,8.0
253,DURBANVILLE,WALLACEDENE,11.46,Zone 3,18.0
254,VASCO,BOTHASIG,15.49,Zone 3,18.0
255,VASCO,MONTAGUE GARDENS,13.11,Zone 3,18.0
256,VASCO,PAROW (PLATTEKLOOF ROAD),13.82,Zone 3,18.0
257,MALIBU,BLACKHEATH,5.36,Zone 2,12.0
258,NORTHPINE,BRACKENFELL STATION,4.0,Zone 1,8.0
259,NORTHPINE,BRACKENFELL (HYPERMARKET),3.86,Zone 1,8.0
260,NORTHPINE,BELLVILLE,11.46,Zone 3,18.0
261,NORTHPINE,WALLACEDENE,3.6,Zone 1,8.0
262,MOWBRAY,WYNBERG,8.15,Zone 2,12.0
263,MOWBRAY,CAPE TOWN,6.99,Zone 2,12.0
264,DURBANVILLE,BELLVILLE,12.63,Zone 3,18.0
265,DURBANVILLE,DURBANVILLE(ZAND DAM PLAAS),61.05,Zone 5,35.0
266,CLAREMONT,HANOVER PARK,7.75,Zone 2,12.0
267,BISHOP LAVIS,ELSIES RIVER,8.72,Zone 2,12.0
268,ELSIES RIVER,BOTHASIG,15.66,Zone 3,18.0
269,BELLVILLE,DELFT,18.21,Zone 3,18.0
270,NORTHPINE,DURBANVILLE,14.6,Zone 3,18.0
271,NORTHPINE,BLOEKOMBOS,10.33,Zone 3,18.0
272,DE NOVA,WALLACEDENE,11.8,Zone 3,18.0
273,LOTUS RIVER,HANOVER PARK,10.72,Zone 3,18.0
274,KRAAIFONTEIN,KHAYELITSHA,34.25,Zone 4,25.0
275,ATLANTIS(WESFLEUR),WITSAND,3.8,Zone 1,8.0
276,ATLANTIS(WESFLEUR),BELLVILLE,60.48,Zone 5,35.0
277,MAMRE,BELLVILLE,68.66,Zone 5,35.0
278,EERSTERIVIER,DEVON PARK,5.98,Zone 2,12.0
279,MAITLAND,MITCHELLS PLAIN,32.41,Zone 4,25.0
280,MAITLAND,FACTRETON,6.12,Zone 2,12.0
281,MAITLAND,MONTAGUE GARDENS,14.74,Zone 3,18.0
282,MAITLAND,KILLARNEY,14.21,Zone 3,18.0
283,STEENBERG,RETREAT,11.37,Zone 3,18.0
284,STEENBERG,GRASSY PARK,6.66,Zone 2,12.0
285,WYNBERG,HOUT BAY,23.35,Zone 4,25.0
286,OTTERY,WYNBERG,7.62,Zone 2,12.0
287,OTTERY,LOTUS RIVER,5.64,Zone 2,12.0
288,LOTUS RIVER,PLUMSTEAD,6.24,Zone 2,12.0
289,LOTUS RIVER,RETREAT,7.18,Zone 2,12.0
290,ELSIES RIVER,PAROW,4.91,Zone 1,8.0
291,BLACKHEATH,EERSTERIVIER,15.08,Zone 3,18.0
292,NETREG,ELSIES RIVER,11.36,Zone 3,18.0
293,LOTUS RIVER,TOKAI,9.48,Zone 2,12.0
294,LOTUS RIVER,MUIZENBERG,14.64,Zone 3,18.0
295,LOTUS RIVER,MITCHELLS PLAIN,18.24,Zone 3,18.0
296,EERSTE RIVER,EERSTE RIVER,5.76,Zone 2,12.0
297,KENSINGTON,BOTHASIG,23.47,Zone 4,25.0
298,KENSINGTON,BELLVILLE,20.74,Zone 4,25.0
299,PELLA,"FABRIEKS AREA,ATLANTIS",16.03,Zone 3,18.0
300,ATHLONE,BRIDGETOWN,4.65,Zone 1,8.0
301,ATHLONE,CAPE TOWN,20.06,Zone 4,25.0
302,ATHLONE,HANOVER PARK,7.04,Zone 2,12.0
303,ATHLONE,HEIDEVELD,8.0,Zone 2,12.0
304,ATHLONE,BONTEHEUWEL,8.14,Zone 2,12.0
305,ATHLONE,MANENBERG,10.27,Zone 3,18.0
306,STEENBERG,LAVENDER HILL,3.77,Zone 1,8.0
307,STEENBERG,SEA WINDS,4.01,Zone 1,8.0
308,STEENBERG,MONTAGUE GARDENS,4.25,Zone 1,8.0
309,EERSTE RIVER,BLUE DOWNS,10.99,Zone 3,18.0
310,ELECTRIC CITY,EERSTE RIVER,7.79,Zone 2,12.0
311,EERSTE RIVER,STRATFORD,3.31,Zone 1,8.0
312,MOWBRAY,LANGA,8.93,Zone 2,12.0
313,KENSINGTON,MONTAGUE GARDENS,20.12,Zone 4,25.0
314,EERSTE RIVER,BELLVILLE,19.13,Zone 3,18.0
315,"LONDON VILLAGE,MITCHELLS PLAIN",TOWN CENTRE(MITCHELLS PLAIN),22.92,Zone 4,25.0
316,GUGULETU,WYNBERG,13.6,Zone 3,18.0
317,KUILSRIVER,BELLVILLE,13.59,Zone 3,18.0
318,"EINDHOVEN,DELFT",MITCHELLS PLAIN,14.14,Zone 3,18.0
319,NYANGA,TYGERBERG STATION,19.54,Zone 3,18.0
320,NYANGA,ELSIES RIVER,13.99,Zone 3,18.0
321,BELLVILLE,BLOEKOMBOS,18.46,Zone 3,18.0
322,LWANDLE,SOMERSET WEST RAILWAY STATION,6.91,Zone 2,12.0
323,MFULENI,KHAYELITSHA,11.89,Zone 3,18.0
324,MFULENI,BELLVILLE,20.98,Zone 4,25.0
325,KHAYELITSHA,MFULENI,9.99,Zone 2,12.0
326,SILVERSANDS,KUILSRIVER,18.47,Zone 3,18.0
327,TOWN CENTRE(MITCHELLS PLAIN),NORTHWOOD,6.54,Zone 2,12.0
328,KHAYELITSHA,NYANGA,10.83,Zone 3,18.0
329,MAITLAND,CAPE TOWN,7.15,Zone 2,12.0
330,MAITLAND,KILLARNEY GARDENS,14.22,Zone 3,18.0
331,STRANDFONTEIN,TOWN CENTRE(MITCHELLS PLAIN),14.08,Zone 3,18.0
332,STRANDFONTEIN,WYNBERG,18.32,Zone 3,18.0
333,STRANDFONTEIN,WESTGATE MALL(MITCHELLS PLAIN),12.64,Zone 3,18.0
334,LANGA,KHAYELITSHA,19.73,Zone 3,18.0
335,GRASSY PARK,STEENBERG,6.63,Zone 2,12.0
336,NYANGA,LANGA,10.51,Zone 3,18.0
337,HANOVER PARK,MANENBERG,6.56,Zone 2,12.0
338,BEACON VALLEY(CALYPSO SQUARE),MITCHELLS PLAIN,2.49,Zone 1,8.0
339,CROSS ROADS,CLAREMONT,18.59,Zone 3,18.0
340,STRAND,RUSTHOF,7.2,Zone 2,12.0
341,SIR LOWRYS PASS TOWN,MACASSAR,24.07,Zone 4,25.0
342,CAPE TOWN STATION DECK,MANENBERG,22.38,Zone 4,25.0
343,KUILSRIVER,MITCHELLS PLAIN,22.07,Zone 4,25.0
344,SILVERSANDS,EERSTERIVIER,9.43,Zone 2,12.0
345,MITCHELLS PLAIN(CALYPSO SQUARE),CAPE TOWN,34.82,Zone 4,25.0
346,PAROW,DELFT,22.02,Zone 4,25.0
347,FISH HOEK,MASIPHUMELELE,7.19,Zone 2,12.0
348,BLOEKOMBOS,KHAYELITSHA,31.16,Zone 4,25.0
349,STRAND,VANDER STEL STATION,8.75,Zone 2,12.0
350,STRAND,STRAND NORTH,37.01,Zone 5,35.0
351,KALKFONTEIN,KUILSRIVER,6.21,Zone 2,12.0
352,MFULENI,EERSTE RIVER,7.62,Zone 2,12.0
353,SIR LOWRYS PASS TOWN,LOURENSFORD PLAAS,18.17,Zone 3,18.0
354,SIR LOWRYS PASS TOWN,SOMERSET WEST(HOTTENTOTS HOSPITAL),11.45,Zone 3,18.0
355,SIR LOWRYS PASS TOWN,FIRGROVE (R102),22.75,Zone 4,25.0
356,SIR LOWRYS PASS TOWN,SOMERSET WEST (SUID STREET WESTRIDGE),16.09,Zone 3,18.0
357,SIR LOWRYS PASS TOWN,STRAND (AE &CI),16.3,Zone 3,18.0
358,SIR LOWRYS PASS TOWN,SOMERSET WEST,10.68,Zone 3,18.0
359,SIR LOWRYS PASS TOWN,STRAND,20.75,Zone 4,25.0
360,SIR LOWRYS PASS TOWN,RUSTHOF (STRAND),21.26,Zone 4,25.0
361,SCOTTSDENE,KHAYELITSHA,28.06,Zone 4,25.0
362,SCOTTSDENE,SCOTTSVILLE,5.81,Zone 2,12.0
363,SCOTTSDENE,BLOEKOMBOS,8.22,Zone 2,12.0
364,SCOTTSDENE,BELLVILLE,13.21,Zone 3,18.0
365,SCOTTSDENE,DURBANVILLE,15.67,Zone 3,18.0
366,KRAAIFONTEIN,BLOEKOMBOS,3.72,Zone 1,8.0
367,KRAAIFONTEIN,SCOTTSDENE,3.39,Zone 1,8.0
368,KRAAIFONTEIN,BRACKENFELL,7.47,Zone 2,12.0
369,BLOEKOMBOS,WALLACEDENE,7.12,Zone 2,12.0
370,BLOEKOMBOS,BELLVILLE,16.31,Zone 3,18.0
371,BLOEKOMBOS,DURBANVILLE,13.28,Zone 3,18.0
372,MFULENI,KUILSRIVER,12.13,Zone 3,18.0
373,TABLE VIEW,YSTERPLAAT,16.43,Zone 3,18.0
374,ELSIES RIVER,EDGEMEAD,20.87,Zone 4,25.0
375,ELSIES RIVER,N1 CITY,3.89,Zone 1,8.0
376,ELSIES RIVER,NORWOOD,2.64,Zone 1,8.0
377,LWANDLE,SIR LOWRYS PASS TOWN,7.24,Zone 2,12.0
378,LWANDLE,STRAND,6.23,Zone 2,12.0
379,SCOTTSVILLE,BLOEKOMBOS,8.2,Zone 2,12.0
380,SCOTTSVILLE,DURBANVILLE,10.09,Zone 3,18.0
381,BISHOP LAVIS,HYPERAMA PAROW,12.37,Zone 3,18.0
382,MITCHELLS PLAIN,HANOVER PARK,21.29,Zone 4,25.0
383,LANGA,MUTUAL STATION,6.96,Zone 2,12.0
384,FIRGROVE,"KRAMAT WAY,MACASSAR",8.05,Zone 2,12.0
385,FIRGROVE,"STEYNRUST RD,SOMERSET WEST",9.1,Zone 2,12.0
386,FIRGROVE,LOURENSFORD,15.36,Zone 3,18.0
387,FIRGROVE,SOMERSET WEST,10.61,Zone 3,18.0
388,FIRGROVE,STRAND,11.1,Zone 3,18.0
389,SOMERSET WEST,WINERY RD,9.32,Zone 2,12.0
390,STRAND,AE & CI STRAND,5.62,Zone 2,12.0
391,MACASSAR,STRAND,21.73,Zone 4,25.0
392,MACASSAR,SIR LOWRYS PASS TOWN,11.6,Zone 3,18.0
393,SAREPTA,TYGERBERG HOSPITAL,27.59,Zone 4,25.0
394,GRASSY APRK,RETREAT,8.6,Zone 2,12.0
395,FISH HOEK,NOORDHOEK,6.09,Zone 2,12.0
396,FISH HOEK,KOMMETJIE,14.53,Zone 3,18.0
397,FISH HOEK,OCEAN VIEW,12.07,Zone 3,18.0
398,FISH HOEK,SUN VALLEY,6.09,Zone 2,12.0
399,FISH HOEK,SEA FORTH,10.75,Zone 3,18.0
400,FISH HOEK,WYNBERG,20.88,Zone 4,25.0
401,OCEAN VIEW,SUN VALLEY,7.76,Zone 2,12.0
402,OCEAN VIEW,SIMONS TOWN,17.42,Zone 3,18.0
403,NORTHPINE,SCOTTSVILLE,9.57,Zone 2,12.0
404,BRACKENFELL STATION,BELLVILLE,7.95,Zone 2,12.0
405,EIKENFONTEIN,DURBANVILLE,11.74,Zone 3,18.0
406,EIKENFONTEIN,SCOTTSDENE,7.44,Zone 2,12.0
407,SCOTTSDENE,EIKENFONTEIN,3.54,Zone 1,8.0
408,SCOTTSDENE,BRACKENFELL STATION,6.13,Zone 2,12.0
409,NORTHPINE,EIKENFONTEIN,2.43,Zone 1,8.0
410,NORTHPINE,SCOTTSDENE,4.74,Zone 1,8.0
411,KRAAIFONTEIN,BELLVILLE,15.42,Zone 3,18.0
412,MELTON ROSE,BLUE DOWNS,9.07,Zone 2,12.0
413,MELTON ROSE,TUSCANY GLEN,4.06,Zone 1,8.0
414,MELTON ROSE,EERSTERIVER,2.94,Zone 1,8.0
415,MELTON ROSE,BLACKHEATH,2.92,Zone 1,8.0
416,EERSTERIVER,KLEINVLEI,3.75,Zone 1,8.0
417,EIKENFONTEIN,BLOEKOMBOS,7.47,Zone 2,12.0
418,EIKENFONTEIN,BELLVILLE,13.02,Zone 3,18.0
419,KRAAIFONTEIN,DURBANVILLE,11.49,Zone 3,18.0
420,BLACKHEATH,DENNEGEUR,8.93,Zone 2,12.0
421,BLACKHEATH,BELLVILLE,14.39,Zone 3,18.0
422,MUTUAL,NYANGA,17.68,Zone 3,18.0
423,BRENTWOOD PARK,KUILSRIVER,10.98,Zone 3,18.0
424,TABLE VIEW,CAPE TOWN,29.45,Zone 4,25.0
425,TABLE VIEW,KOEBERG,18.03,Zone 3,18.0
426,TABLE VIEW,YSTERPLAAT STATION,16.38,Zone 3,18.0
427,SAREPTA,KUILSRIVER,3.74,Zone 1,8.0
428,SAREPTA,BELLVILLE,9.48,Zone 2,12.0
429,KUILSRIVER,INDUSTRIAL AREA,4.03,Zone 1,8.0
430,KUILSRIVER,KALKFONTEIN,6.54,Zone 2,12.0
431,KUILSRIVER,"BOTTELARY RD,KUILSRIVER",19.54,Zone 3,18.0
432,KUILSRIVER STATION,BELLVILLE,8.81,Zone 2,12.0
433,KUILSRIVER STATION,"INDUSTRIAL AREA,KUILSRIVER",5.48,Zone 2,12.0
434,KUILSRIVER STATION,KALKFONTEIN,5.67,Zone 2,12.0
435,BLACKHEATH RAILWAY STATION,HAPPY VALLEY,3.09,Zone 1,8.0
436,BLACKHEATH RAILWAY STATION,KUILSRIVER,7.26,Zone 2,12.0
437,MELTON ROSE,PINEPLACE,2.35,Zone 1,8.0
438,MELTON ROSE,EERSTERIVIER,2.66,Zone 1,8.0
439,ELSIES RIVER,MATROOSFONTEIN,5.05,Zone 2,12.0
440,THE HAGUE,BELLVILLE,10.46,Zone 3,18.0
441,MALIBU VILLAGE,MITCHELLS PLAIN,36.6,Zone 5,35.0
442,ELSIES RIVER,EINDHOVEN,21.11,Zone 4,25.0
443,NETREG STATION,"SANLAM CENTRE ,PAROW",15.64,Zone 3,18.0
444,MONTANA,ELSIES RIVER,12.31,Zone 3,18.0
445,UNIBELL,THE HAGUE,5.61,Zone 2,12.0
446,UNIBELL,VOORBRUG,6.7,Zone 2,12.0
447,UNIBELL,EINDHOVEN,8.15,Zone 2,12.0
448,BELLVILLE,WELGEMOED,10.3,Zone 3,18.0
449,CAPE TOWN,BONTEHEUWEL,19.61,Zone 3,18.0
450,SAREPTA,KUILSRIVER STATION,2.92,Zone 1,8.0
451,KUILSRIVER STATION,SAREPTA,2.92,Zone 1,8.0
452,KHAYELITSHA,CAPE TOWN,31.88,Zone 4,25.0
453,CLAREMONT,NYANGA,16.06,Zone 3,18.0
454,KHAYELITSHA,SOMERSET WEST,20.35,Zone 4,25.0
455,LENTEGEUR STATION,WESTGATE MALL,4.93,Zone 1,8.0
456,GATESVILLE,NYANGA,8.08,Zone 2,12.0
457,TABLE VIEW,KOEBERG RAILWAY STATION,16.07,Zone 3,18.0
458,CLAREMONT,CAPE TOWN,11.43,Zone 3,18.0
459,CLAREMONT,WYNBERG,3.62,Zone 1,8.0
460,SEA POINT,GREEN POINT,6.46,Zone 2,12.0
461,CAPE TOWN,"DOCK RD,CAPE TOWN",3.15,Zone 1,8.0
462,CAPE TOWN,GREEN POINT,3.44,Zone 1,8.0
463,N1 CITY,BOTHASIG,15.43,Zone 3,18.0
464,VASCO,N1 CITY,3.03,Zone 1,8.0
465,N1 CITY,GOODWOOD,4.45,Zone 1,8.0
466,N1 CITY,CAPE TOWN,18.48,Zone 3,18.0
467,CAPE TOWN,CAMPS BAY,13.91,Zone 3,18.0
468,SOMERSET WEST,RUSTHOF,17.06,Zone 3,18.0
469,SOMERSET WEST,CASSABLANCA,12.24,Zone 3,18.0
470,SIR LOWRYS PASS TOWN,GORDONS BAY,8.14,Zone 2,12.0
471,SIR LOWRYS PASS TOWN,LWANDLE,7.28,Zone 2,12.0
472,MATROOSFONTEIN,ELSIES RIVER,4.93,Zone 1,8.0
473,BRACKENFELL,"CRAMMIX RD,BRACKENFELL",9.98,Zone 2,12.0
474,ELSIES RIVER,BISHOP LAVIS,8.91,Zone 2,12.0
475,KILLARNEY,CAPE TOWN,25.19,Zone 4,25.0
476,KILLARNEY,KOEBERG RAILWAY STATION,25.34,Zone 4,25.0
477,KILLARNEY,YSTERPLAAT,20.87,Zone 4,25.0
478,KILLARNEY,MORNINGSTAR,18.33,Zone 3,18.0
479,DOLPHIN BEACH,KOEBERG RAILWAY STATION,22.22,Zone 4,25.0
480,HANOVER PARK,WYNBERG,7.61,Zone 2,12.0
481,DELFT,ELSIES RIVER,16.79,Zone 3,18.0
482,GORDONS BAY,STRAND,8.6,Zone 2,12.0
483,GORDONS BAY,SOMERSET WEST,14.9,Zone 3,18.0
484,GORDONS BAY,"SOMERSET MALL,SOMERSET WEST",14.61,Zone 3,18.0
485,SOMERSET WEST,MACASSAR,15.81,Zone 3,18.0
486,MACASSAR,"LOURENSFORD,SOMERSET WEST",11.57,Zone 3,18.0
487,MACASSAR,"SOMERSET MALL,SOMERSET WEST",16.42,Zone 3,18.0
488,NYANGA,MITCHELLS PLAIN,11.5,Zone 3,18.0
489,NYANGA,BELLVILLE,15.26,Zone 3,18.0
490,NYANGA,KHAYELITSHA,10.77,Zone 3,18.0
491,TYGERVALLEY SHOPPING CENTRE,BELLVILLE,5.61,Zone 2,12.0
492,TYGERVALLEY SHOPPING CENTRE,DURBANVILLE,6.74,Zone 2,12.0
493,MITCHELLS PLAIN,BELLVILLE,26.41,Zone 4,25.0
494,HEIDEVELD,ATHLONE,11.25,Zone 3,18.0
495,NYANGA,TYGERBERG HOSPITAL,25.39,Zone 4,25.0
496,EINDHOVEN,UNIBELL,8.13,Zone 2,12.0
497,DELFT SOUTH,BELLVILLE,20.86,Zone 4,25.0
498,VOORBRUG,UNIBELL,8.86,Zone 2,12.0
499,MUTUAL STATION,LANGA,7.12,Zone 2,12.0
500,LANGA,NYANGA,13.39,Zone 3,18.0
501,DELFT SOUTH,ELSIES RIVER,23.79,Zone 4,25.0
502,PHILIPPI,CLAREMONT,16.45,Zone 3,18.0
503,GUGULETU,CAPE TOWN,21.44,Zone 4,25.0
504,RETREAT,LAVENDER HILL,7.52,Zone 2,12.0
505,RETREAT,REATREAT,9.84,Zone 2,12.0
506,RETREAT,WYNBERG,15.51,Zone 3,18.0
507,RETREAT,POLLSMOOR,7.85,Zone 2,12.0
508,RETREAT,FISH HOEK,13.52,Zone 3,18.0
509,KOEBERG RAILWAY STATION,SUMMERGREENS,11.06,Zone 3,18.0
510,KOEBERG RAILWAY STATION,KILLARNEY,14.19,Zone 3,18.0
511,KOEBERG RAILWAY STATION,PAARDEN EILAND,7.43,Zone 2,12.0
512,KOEBERG RAILWAY STATION,YSTERPLAAT RAILWAY STATION,2.75,Zone 1,8.0
513,KOEBERG RAILWAY STATION,MONTAGUE GARDENS,14.58,Zone 3,18.0
514,WOODSTOCK,CAPE TOWN(STATION DECK),3.37,Zone 1,8.0
515,GORDONS BAY,TEMPERANCE TOWN,9.55,Zone 2,12.0
516,RATANGA JUNCTION CENTURY CITY,KOEBERG RAILWAY STATION,10.75,Zone 3,18.0
517,RATANGA JUNCTION CENTURY CITY,KILLARNEY,10.67,Zone 3,18.0
518,WYNBERG,KENILWORTH CENTRE,3.2,Zone 1,8.0
519,DELFT SOUTH,UNIBELL,12.54,Zone 3,18.0
520,CAPE TOWN,BRIDGETOWN,18.36,Zone 3,18.0
521,SILVERTOWN,ATHLONE,5.46,Zone 2,12.0
522,BRIDGETOWN,ATHLONE,3.44,Zone 1,8.0
523,SILVERTOWN,CAPE TOWN,14.15,Zone 3,18.0
524,BRIDGETOWN,CAPE TOWN,15.31,Zone 3,18.0
525,BRIDGETOWN,GATESVILLE,2.72,Zone 1,8.0
526,SILVERTOWN,MOWBRAY,9.55,Zone 2,12.0
527,BRIDGETOWN,MOWBRAY,8.37,Zone 2,12.0
528,KHAYELITSHA,MITCHELLS PLAIN,7.28,Zone 2,12.0
529,RETREAT,HANOVER PARK,18.71,Zone 3,18.0
530,GOODWOOD,N1 CITY,6.13,Zone 2,12.0
531,LANGA,KILLARNEY,18.49,Zone 3,18.0
532,WESBANK,KUILSRIVER,13.2,Zone 3,18.0
533,PENTECH RAILWAY STATION,BELHAR,4.35,Zone 1,8.0
534,ORANJEZICHT,CAPE TOWN,4.07,Zone 1,8.0
535,MONTAGUE GARDENS,KOEBERG RAILWAY STATIONS,14.1,Zone 3,18.0
536,DURBANVILLE,TYGERVALLEY CENTRE,8.23,Zone 2,12.0
537,DURBANVILLE,"KLIPHEUWEL RD,DURBANVILLE",19.73,Zone 3,18.0
538,DURBANVILLE,BLOEKOMBOS,13.53,Zone 3,18.0
539,KHAYELITSHA,WOODSTOCK,30.92,Zone 4,25.0
540,"HAPPY VALLEY ,BLACKHEATH",KUILSRIVER,10.04,Zone 3,18.0
541,NYANGA,BOTHASIG,31.08,Zone 4,25.0
542,CAPE TOWN,SEA POINT,9.29,Zone 2,12.0
543,BLUE DOWNS,MITCHELLS PLAIN,46.28,Zone 5,35.0
544,MATROOSFONTEIN,EPPING 2,3.8,Zone 1,8.0
545,LANGA,HARARE,31.56,Zone 4,25.0
546,LANGA,MAKHAZA,29.89,Zone 4,25.0
547,SEA POINT,LANGA,23.28,Zone 4,25.0
548,KHAYELITSHA,PAROW RAILWAY STATION,25.66,Zone 4,25.0
549,KHAYELITSHA,TYGERBERG RAILWAY STATION,31.86,Zone 4,25.0
550,TYGERBERG RAILWAY STATION,KHAYELITSHA,22.03,Zone 4,25.0
551,MASIPHUMELELE,FISH HOEK,7.36,Zone 2,12.0
552,MALIBU,BELLVILLE,19.34,Zone 3,18.0
553,MALIBU,EERSTE RIVER,8.53,Zone 2,12.0
554,BELLVILLE,GROOTTE SCHUUR HOSPITAL,26.86,Zone 4,25.0
555,BRENTWOOD PARK,BELLVILLE,15.68,Zone 3,18.0
556,DELFT SOUTH,CAPE TOWN,35.44,Zone 5,35.0
557,UNIBELL,DELFT SOUTH,12.52,Zone 3,18.0
558,SAMORA MACHEL,CAPE TOWN,25.62,Zone 4,25.0
559,NORWOOD,ELSIES RIVER,4.84,Zone 1,8.0
560,KHAYELITSHA (KUWAIT),MITCHELLS PLAIN,9.99,Zone 2,12.0
561,KHAYELITSHA (SITE B),MITCHELLS PLAIN,9.11,Zone 2,12.0
562,KHAYELITSHA (MAKHAZA),MITCHELLS PLAIN,13.33,Zone 3,18.0
563,KHAYELITSHA (TOWN 2),MITCHELLS PLAIN,10.87,Zone 3,18.0
564,KHAYELITSHA (LUZUKO RANK),MITCHELLS PLAIN,9.98,Zone 2,12.0
565,KHAYELITSHA (HARARE),MITCHELLS PLAIN,8.26,Zone 2,12.0
566,KHAYELITSHA (MAKAYA),MITCHELLS PLAIN,12.12,Zone 3,18.0
567,OCEAN VIEW,KOMMETJIE,4.34,Zone 1,8.0
568,KHAYELITSHA,TABLE VIEW,42.44,Zone 5,35.0
569,KUWAIT,HARARE,23.99,Zone 4,25.0
570,KUWAIT,MAKHAZA,23.53,Zone 4,25.0
571,KRAAIFONTEIN,WALLACEDENE,4.73,Zone 1,8.0
572,KRAAIFONTEIN,DE NOVA,10.91,Zone 3,18.0
573,WALLACEDENE,DURBANVILLE,11.28,Zone 3,18.0
574,OCEAN VIEW,MURDOCK VALLEY,24.25,Zone 4,25.0
575,OCEAN VIEW,NOORDHOEK,16.27,Zone 3,18.0
576,DELFT SOUTH,PAROW,21.7,Zone 4,25.0
577,PENTECH STATION,DELFT SOUTH,12.74,Zone 3,18.0
578,UNIBELL,ELSIES RIVER,34.78,Zone 4,25.0
579,KHAYELITSHA,DELFT,9.35,Zone 2,12.0
580,KHAYELITSHA,WESBANK,13.68,Zone 3,18.0
581,MUTUAL RAILWAY STATION,LANGA,7.12,Zone 2,12.0
582,LANGA,GUGULETU,13.34,Zone 3,18.0
583,DU NOON,BOTHASIG,13.37,Zone 3,18.0
584,DU NOON,MAITLAND RAILWAY STATION,17.2,Zone 3,18.0
585,WESBANK,BELLVILLE,21.06,Zone 4,25.0
586,EERSTE RIVER,FOREST HEIGHTS,10.38,Zone 3,18.0
587,DELFT SOUTH,MITCHELLS PLAIN,10.06,Zone 3,18.0
588,BELLVILLE,ATLANTIS,3.65,Zone 1,8.0
589,LWANDLE,LOURENSFORD FARM,15.78,Zone 3,18.0
590,WYNBERG,CROSS RAODS,25.78,Zone 4,25.0
591,CAPE TOWN,SALT RIVER,6.73,Zone 2,12.0
592,NYANGA,WYNBERG (VIA CLAREMONT),17.76,Zone 3,18.0
593,CROSS ROADS,WYNBERG (VIA CLAREMONT),20.75,Zone 4,25.0
594,GUGULETU,CLAREMONT (VIA WYNBERG),20.97,Zone 4,25.0
595,CROSS ROADS,CLAREMONT (VIA WYNBERG),21.24,Zone 4,25.0
596,KHAYELITSHA,FISANTEKRAAL,44.41,Zone 5,35.0
597,LWANDLE,SOMERSET WEST (VIA MEDI CITY),9.05,Zone 2,12.0
598,BELLVILLE,MITCHELLS PLAIN,26.79,Zone 4,25.0
599,EINDHOVEN,MITCHELLS PLAIN,13.24,Zone 3,18.0
600,TYGERBERG RAILWAY STATION,TYGERBERG HOSPITAL,4.41,Zone 1,8.0
601,TYGERBERG RAILWAY STATION,RAVENSMEAD,8.58,Zone 2,12.0
602,WESBANK,EERSTE RIVER,16.68,Zone 3,18.0
603,DURBANVILLE,VISSERSHOK FARM,10.74,Zone 3,18.0
604,TYGERBERG HOSPITAL,DELFT SOUTH,21.75,Zone 4,25.0
605,KALKFONTEIN,BELLVILLE,11.94,Zone 3,18.0
606,BLOEKOMBOS,KRAAIFONTEIN STATION,3.72,Zone 1,8.0
607,KRAAIFONTEIN,JOOSTENBERG VLAKTE,38.24,Zone 5,35.0
608,SANLAM CENTRE PAROW,DELFT,22.1,Zone 4,25.0
609,EERSTE RIVER,MITCHELLS PLAIN,36.25,Zone 5,35.0
610,SAMORA MACHEL,SEA POINT,33.34,Zone 4,25.0
611,KHAYELITSHA,WYNBERG (VIA CLAREMONT),28.18,Zone 4,25.0
612,KHAYELITSHA,CLAREMONT (VIA WYNBERG),25.92,Zone 4,25.0
613,BELLVILLE,WESBANK,13.34,Zone 3,18.0
614,GUGULETU,BELLVILLE,18.39,Zone 3,18.0
615,LANGA,WYNBERG,15.49,Zone 3,18.0
616,LANGA,MOWBRAY (VIA WYNBERG),23.88,Zone 4,25.0
617,NYANGA,CLAREMONT (VIA WYNBERG),17.76,Zone 3,18.0
618,KOEBERG STATION,TABLE VIEW,18.04,Zone 3,18.0
619,LANGA,BELLVILLE,15.85,Zone 3,18.0
620,KHAYELITSHA,MAITLAND,32.11,Zone 4,25.0
621,TYGERBERG STATION,RAVENSMEAD,8.03,Zone 2,12.0
622,SIR LOWRYS PASS,SOMERSET WEST,11.37,Zone 3,18.0
623,BLOEKOMBOS,KRAAIFONTEIN (SHOPRITE),5.67,Zone 2,12.0
624,GOODWOOD STATION,TABLE VIEW,19.1,Zone 3,18.0
625,GOODWOOD STATION,MONTAGUE GARDENS,18.69,Zone 3,18.0
626,KRAAIFONTEIN,BRACKENFELL STATION,7.11,Zone 2,12.0
627,KRAAIFONTEIN,BOTFONTEIN - BOTLARY FARMS,6.35,Zone 2,12.0
628,KRAAIFONTEIN,GOLIATH ESTATE,4.39,Zone 1,8.0
629,PENTECH,PAROW,33.81,Zone 4,25.0
630,RATANGA JUNCTION,MAITLAND RAILWAY STATION,10.74,Zone 3,18.0
631,UNIBELL RAILWAY STATION,PAROW RAILWAY STATION,35.82,Zone 5,35.0
632,WESBANK,ELSIES RIVER STATION,18.61,Zone 3,18.0
633,STEENBERG,HILLVIEW,20.79,Zone 4,25.0
634,STEENBERG,"CAPRICORN,RETREAT",13.63,Zone 3,18.0
635,STEENBERG,"SEAWINDS,RETREAT",18.17,Zone 3,18.0
636,STEENBERG,"7TH & 11TH AVE,RETREAT",8.66,Zone 2,12.0
637,STEENBERG,"BLUE ROUTE,TOKAI",3.1,Zone 1,8.0
638,STEENBERG,MUIZENBERG,9.08,Zone 2,12.0
639,MITCHELLS PLAIN(TOWN CENTRE),MUIZENBERG,22.43,Zone 4,25.0
640,RETREAT,MONTAGUE VILLAGE,10.58,Zone 3,18.0
641,RETREAT,STEENBERG(HILLVIEW),13.11,Zone 3,18.0
642,RETREAT,VRYGROND - STEENBERG,14.94,Zone 3,18.0
643,RETREAT,WESTLAKE - RETREAT,15.25,Zone 3,18.0
644,RETREAT,WESTLAKE M3 - RETREAT,14.36,Zone 3,18.0
645,RETREAT,WESTLAKE - TOKAI,16.03,Zone 3,18.0
646,RETREAT,STEENBERG,7.63,Zone 2,12.0
647,RETREAT,CONSTANTIA - WYNBERG,10.92,Zone 3,18.0
648,RETREAT,MUIZENBERG-FISH HOEK,18.03,Zone 3,18.0
649,EINDHOVEN,BELLVILLE,13.98,Zone 3,18.0
650,WYNBERG,CONSTANTIA (SWEET VALLEY),15.06,Zone 3,18.0
651,"SANLAM CENTRE,PAROW",DELFT,17.97,Zone 3,18.0
652,"TOWN CENTRE,MITCHELLS PLAIN",BELLVILLE,26.65,Zone 4,25.0
653,MUTUAL,LANGA (BHUNGA),8.62,Zone 2,12.0
654,SEA POINT,EYONA,29.07,Zone 4,25.0
655,KHAYELITSHA,GOODWOOD-MAITLAND-KILLARNEY,50.58,Zone 5,35.0
656,MOWBRAY,NYANGA,18.64,Zone 3,18.0
657,7TH AVENUE MITCHELLS PLAIN,BELLVILLE RAILWAY STATION,26.67,Zone 4,25.0
658,DU NOON,MONTAGUE GARDENS,9.52,Zone 2,12.0
659,DU NOON,JOE SLOVO PARK,11.93,Zone 3,18.0
660,RATANGA JUNCTION,GOODWOOD,10.43,Zone 3,18.0
661,STRAND,LOURENSFORD & VERGELEGEN,23.73,Zone 4,25.0
662,STRAND,HOTTENTOTS HOLLAND HOSPITAL,19.26,Zone 3,18.0
663,NYANGA,SAMORA MACHEL,7.34,Zone 2,12.0
664,NYANGA,PHILIPPI,3.13,Zone 1,8.0
665,NYANGA JUNCTION,PHILIPPI,7.83,Zone 2,12.0
666,NYANGA,HEIDEVELD STATION,4.99,Zone 1,8.0
667,NYANGA,NYANGA JUNCTION,3.55,Zone 1,8.0
668,PHILIPPI,NYANGA TERMINUS,2.93,Zone 1,8.0
669,PHILIPPI,MITCHELLS PLAIN,10.53,Zone 3,18.0
670,PHILIPPI,CROSS ROADS,7.27,Zone 2,12.0
671,PHILIPPI,HEIDEVELD,8.68,Zone 2,12.0
672,PHILIPPI,NYANGA JUNCTION,5.62,Zone 2,12.0
673,PHILIPPI,SAMORA MACHEL,7.8,Zone 2,12.0
674,NYANGA JUNCTION,NYANGA,4.91,Zone 1,8.0
675,NYANGA JUNCTION,SAMORA MACHEL,6.63,Zone 2,12.0
676,NYANGA JUNCTION,CROSS ROADS,8.07,Zone 2,12.0
677,NYANGA JUNCTION,HEIDEVELD STATION,3.83,Zone 1,8.0
678,NYANGA JUNCTION,TAMBO VILLAGE,4.27,Zone 1,8.0
679,NYANGA,GUGULETU,6.45,Zone 2,12.0
680,NYANGA,PHILIPPI - LOWER CROSS ROADS,6.75,Zone 2,12.0
681,GUGULETU,NYANGA,4.01,Zone 1,8.0
682,GUGULETU,PHILIPPI - LOWER CROSS ROADS,8.46,Zone 2,12.0
683,PHILIPPI,GUGULETU,6.14,Zone 2,12.0
684,PHILIPPI,NYANGA,2.88,Zone 1,8.0
685,PHILIPPI,LOWER CROSS ROADS,5.1,Zone 2,12.0
686,LOWER CROSS ROADS,NYANGA,4.77,Zone 1,8.0
687,LOWER CROSS ROADS,GUGULETU,7.64,Zone 2,12.0
688,LOWER CROSS ROADS,PHILIPPI,5.09,Zone 2,12.0
689,NYANGA,WYNBERG (VIA GUGULETU VIA CLAREMONT),25.3,Zone 4,25.0
690,NYANGA,WYNBERG (VIA LOWER CROSS ROADS VIA PHILIPPI),22.03,Zone 4,25.0
691,NYANGA,CLAREMONT (VIA GUGULETU),22.04,Zone 4,25.0
692,NYANGA,CLAREMONT (GUGULETU),18.87,Zone 3,18.0
693,NYANGA,CLAREMONT (VIA PHILIPPI),19.59,Zone 3,18.0
694,NYANGA,CLAREMONT (VIA CROSS ROADS),19.84,Zone 3,18.0
695,NYANGA,WYNBERG (VIA GUGULETU),15.62,Zone 3,18.0
696,NYANGA,WYNBERG (VIA PHILIPPI),17.64,Zone 3,18.0
697,NYANGA,WYNBERG (VIA CROSS ROADS),17.83,Zone 3,18.0
698,KHAYELITSHA,EERSTE RIVER,9.17,Zone 2,12.0
699,KHAYELITSHA,BLACKHEATH,11.85,Zone 3,18.0
700,KHAYELITSHA,KUILSRIVER,16.42,Zone 3,18.0
701,KHAYELITSHA,LWANDLE,28.57,Zone 4,25.0
702,NYANGA TERM,MITCHELLS PLAIN,12.14,Zone 3,18.0
703,NYANGA,MITCHELLS PLAIN (VIA LOWER CROSS ROADS),10.96,Zone 3,18.0
704,NYANGA TERM,SAMORA MACHEL,7.34,Zone 2,12.0
705,YSTERPLAAT,MAITLAND,2.71,Zone 1,8.0
706,YSTERPLAAT,PARKLANDS,18.07,Zone 3,18.0
707,YSTERPLAAT,MONTAGUE GARDENS,13.93,Zone 3,18.0
708,YSTERPLAAT,METRO INDUSTRY(PAARDEN EILAND),4.75,Zone 1,8.0
709,YSTERPLAAT,KILLARNEY,13.29,Zone 3,18.0
710,KHAYELITSHA,FISH HOEK,39.89,Zone 5,35.0
711,CROOS ROADS(JO-BURG STORES),CLAREMONT,14.91,Zone 3,18.0
712,FISH HOEK,RETREAT,14.09,Zone 3,18.0
713,WYNBERG,NYANGA,19.85,Zone 3,18.0
714,SAMORA MACHEL,CLAREMONT,15.04,Zone 3,18.0
715,SAMORA MACHEL,CLAREMONT (VIA WYNBERG),16.61,Zone 3,18.0
716,ATLANTIS(WESFLEUR),FARMS(ATLANTIS),13.03,Zone 3,18.0
717,BELLVILLE,FISANTEKRAAL,22.31,Zone 4,25.0
718,BELLVILLE,CENTURY CITY (VIA N1),19.94,Zone 3,18.0
719,BELLVILLE,CENTURY CITY (VIA VOORTREKKER RD),20.21,Zone 4,25.0
720,SAXON WORLD,BELLVILLE,89.44,Zone 5,35.0
721,SAXON WORLD,LANGA STATION,69.64,Zone 5,35.0
722,DU NOON,CAPE TOWN,21.53,Zone 4,25.0
723,DU NOON,SUMMER GREENS,10.89,Zone 3,18.0
724,DU NOON,PARKLANDS,12.3,Zone 3,18.0
725,LANGA,DELFT,15.14,Zone 3,18.0
726,LEIDEN DELFT,ELSIES RIVER,17.4,Zone 3,18.0
727,LOWER CROSS ROADS,CAPE TOWN,31.26,Zone 4,25.0
728,CLAREMONT,LANGA,15.0,Zone 3,18.0
729,MASIPHUMELELE,SIMONS TOWN,25.69,Zone 4,25.0
730,CAPE TOWN,BELLVILLE,24.04,Zone 4,25.0
731,CROSS ROADS (JO-BURG STORES),WYNBERG,12.9,Zone 3,18.0
732,CROSS ROADS (JO-BURG STORES),WYNBERG (VIA CLAREMONT),14.85,Zone 3,18.0
733,CROSS ROADS (JO-BURG STORES),CLAREMONT(VIA WYNBERG),16.43,Zone 3,18.0
734,EYONA,CAPE TOWN,20.09,Zone 4,25.0
735,GUGULETU,KHAYELITSHA,15.49,Zone 3,18.0
736,GUGULETU,LANGA,15.92,Zone 3,18.0
737,BELLVILLE,LOWER CROSS ROADS,20.62,Zone 4,25.0
738,KHAYELITSHA,MONTE VISTA,37.25,Zone 5,35.0
739,KHAYELITSHA,DE LA REY,42.09,Zone 5,35.0
740,KHAYELITSHA,GOODWOOD,25.75,Zone 4,25.0
741,HAPPY VALLEY,BELLVILLE,16.94,Zone 3,18.0
742,WYNBERG,CENTURY CITY,22.99,Zone 4,25.0
743,MUIZENBERG,MITCHELLS PLAIN,23.95,Zone 4,25.0
744,MITCHELLS PLAIN,CENTURY CITY,36.59,Zone 5,35.0
745,BELLVILLE,DU NOON,26.24,Zone 4,25.0
746,DELFT,WYNBERG,18.7,Zone 3,18.0
747,MASIPHUMELELE,NOORDHOEK,10.31,Zone 3,18.0
748,DELFT,WYNBERG (VIA CLAREMONT),24.37,Zone 4,25.0
749,NYANGA,GOODWOOD,17.82,Zone 3,18.0
750,CAPE TOWN,RUYTERWACHT (VIA GARDEN VILLAGE),23.75,Zone 4,25.0
751,WYNBERG,BISHOPS COURT,12.59,Zone 3,18.0
752,"LEIDEN,DELFT",BELLVILLE,13.14,Zone 3,18.0
753,KHAYELITSHA,CENTURY CITY,31.56,Zone 4,25.0
754,CAPE TOWN (STATION DECK),FRANKDALE,42.6,Zone 5,35.0
755,CAPE TOWN (STATION DECK),SANDRIFT - MONTAGUE GARDENS,18.44,Zone 3,18.0
756,CAPE TOWN (STATION DECK),TABLE VIEW,26.89,Zone 4,25.0
757,MOWBRAY,CENTURY CITY,12.16,Zone 3,18.0
758,GUGULETU,MOWBRAY,19.3,Zone 3,18.0
759,LEIDEN,ELSIES RIVER,18.88,Zone 3,18.0
760,LOWER CROSS ROADS,WYNBERG,17.39,Zone 3,18.0
761,PHILIPPI,WYNBERG,14.5,Zone 3,18.0
762,DELFT,WYNBERG AND RETURN,42.28,Zone 5,35.0
763,LOWER CROSSROADS,WYNBERG (VIA CLAREMONT),23.04,Zone 4,25.0
764,NYANGA TAXI RANK,DELFT,12.55,Zone 3,18.0
765,SAMORA MACHEL,WYNBERG,13.34,Zone 3,18.0
766,LEIDEN,BELLVILLE,13.16,Zone 3,18.0
767,KHAYELITSHA,MACASSAR,21.57,Zone 4,25.0
768,WYNBERG,LANGA,15.72,Zone 3,18.0
769,MASIPHUMELELE,KOMMETJIE,7.53,Zone 2,12.0
770,YSTERPLAAT,MITCHELLS PLAIN,33.84,Zone 4,25.0
771,SURBURBAN BLISS,ATHLONE,24.24,Zone 4,25.0
772,SURBURBAN BLISS,MOWBRAY,28.19,Zone 4,25.0
773,SURBURBAN BLISS,CAPE TOWN,35.13,Zone 5,35.0
774,SURBURBAN BLISS,SEA POINT,44.75,Zone 5,35.0
775,SURBURBAN BLISS,ELSIES RIVER,18.99,Zone 3,18.0
776,SURBURBAN BLISS,PAROW,19.24,Zone 3,18.0
777,CROSS ROADS(JO-BURG STORES),CLAREMONT,14.85,Zone 3,18.0
778,WESBANK,PAROW STATION,15.51,Zone 3,18.0
779,MUTUAL RAILWAY STATION,BELLVILLE,7.69,Zone 2,12.0
780,LWANDLE,SOMERSET WEST (VIA DENNEGEUR),10.83,Zone 3,18.0
781,LWANDLE,HELDERVUE (SOMERSET WEST),13.68,Zone 3,18.0
782,LWANDLE,SANDVLEI,15.34,Zone 3,18.0
783,LWANDLE,SOMERSET WEST(VIA NOMZAMO),9.96,Zone 2,12.0
784,WALLACEDENE,BLOEKOMBOS,5.69,Zone 2,12.0
785,LWANDLE,GORDONS BAY,6.94,Zone 2,12.0
786,DU NOON,CAPE TOWN (VIA VOORTREKKER ROAD),22.57,Zone 4,25.0
787,DELFT SOUTH,EPPING (VIA MODDERDAM ROAD),21.22,Zone 4,25.0
788,DELFT SOUTH,EPPING (VIA 35TH STREET & OWEN ROAD),18.97,Zone 3,18.0
789,HANOVER PARK,CAPE TOWN (VIA KROMBOOM PARKWAY),19.11,Zone 3,18.0
790,HANOVER PARK,CAPE TOWN (VIA FREEWAY),21.53,Zone 4,25.0
791,CAPE TOWN,SUMMER GREENS (VIA PHOENIX VILLAGE & JOE SLOVO),16.63,Zone 3,18.0
792,CAPE TOWN,SUMMER GREENS,15.8,Zone 3,18.0
793,CAPE TOWN,CAMBRIDGE (VIA BROOKLYN & RUGBY),11.62,Zone 3,18.0
794,MFULENI,SOMERSET WEST,27.24,Zone 4,25.0
795,MFULENI,STELLENBOSCH,27.88,Zone 4,25.0
796,TOWN CENTRE CALYPSO SQUARE MITCHELLS PLAIN,MUIZENBERG,25.53,Zone 4,25.0
797,RETREAT,"ATHLONE (VIA KLIP RD, PLANTATION, WETTON, LANSDOWNE & JAN SMUTS DR)",19.3,Zone 3,18.0
798,RETREAT,ATHLONE (VIA M5 & KLIPFONTEIN RD),17.53,Zone 3,18.0
799,MUTUAL STATION,"MUTUAL RAILWAY STATION (VIA PINELANDS, FOREST DR & RINGWOOD DR)",8.88,Zone 2,12.0
800,VOORBRUG DELFT,"MITCHELLS PLAIN (VIA LEIDEN, HINDLE, R300 & AZ BERMAN DR)",17.01,Zone 3,18.0
801,TOWN CENTRE MITCHELLS PLAIN,JOHANNES MEINTJIES LENTEGEUR,6.16,Zone 2,12.0
802,NYANGA,TAMBO VILLAGE,20.66,Zone 4,25.0
803,TOWN CENTRE CALYPSO SQUARE MITCHELLS PLAIN,CAPE TOWN (VIA MOWBRAY),32.97,Zone 4,25.0
804,TOWN CENTRE CALYPSO SQUARE MITCHELLS PLAIN,"CAPE TOWN (VIA N2, LIESBEECK PRKWY, STATION RD, MAIN RD)",35.83,Zone 5,35.0
805,TOWN CENTRE CALYPSO SQUARE MITCHELLS PLAIN,"CAPE TOWN (VIA N2, EASTERN BLVD)",35.62,Zone 5,35.0
806,TOWN CENTRE CALYPSO SQUARE MITCHELLS PLAIN,CAPE TOWN (VIA BORCHERDS QUARRY & N2),33.21,Zone 4,25.0
807,TOWN CENTRE CALYPSO SQUARE MITCHELLS PLAIN,"CAPE TOWN (VIA SAMORA MACHEL, VANGUARD, N2)",34.85,Zone 4,25.0
808,TOWN CENTRE CALYPSO SQUARE MITCHELLS PLAIN,"CAPE TOWN (HIGHLANDS DR, VANGUARD, N2)",34.44,Zone 4,25.0
809,KHAYELITSHA SITE C,PLATTEKLOOF,33.36,Zone 4,25.0
810,RETREAT,"ATHLONE (VIA M5, OTTERY RD, ROSMEAD, MILNER & KLIPFONTEIN)",20.08,Zone 4,25.0
811,KHAYELITSH SITE C,PANORAMA,29.13,Zone 4,25.0
812,LWANDLE,SOMERSET WEST MALL,10.21,Zone 3,18.0
813,LWANDLE,HELDERVUE (SOMERSET WES),14.23,Zone 3,18.0
814,LWANDLE,KOGGELBAAI,30.98,Zone 4,25.0
815,KHAYELITSH SITE C,MONTE VISTA,32.56,Zone 4,25.0
816,KHAYELITSHA SITE C,KILLARNEY,33.8,Zone 4,25.0
817,YSTERPLAAT RAILWAY STATION,MONTAGUE GARDENS,11.07,Zone 3,18.0
818,YSTERPLAAT RAILWAY STATION,FRANKDALE,41.31,Zone 5,35.0
819,YSTERPLAAT RAILWAY STATION,SANDRIF,7.18,Zone 2,12.0
820,YSTERPLAAT RAILWAY STATION,MILNERTON,8.56,Zone 2,12.0
821,YSTERPLAAT RAILWAY STATION,CAMBRIDGE,5.64,Zone 2,12.0
822,YSTERPLAAT RAILWAY STATION,MONTAGUE GARDENS (VIA SANDRIF),14.38,Zone 3,18.0
823,KALKFONTEIN,SHOPRITE KUILSRIVER,7.61,Zone 2,12.0
824,VREDENDAL,CAPE TOWN,147.69,Zone 5,35.0
825,STELLENBOSCH (DU TOIT STATION),BELLVILLE,31.4,Zone 4,25.0
826,TOWN CENTRE CALYPSO SQUARE MITCHELLS PLAIN,CAPE TOWN (VIA MERRYDALE),38.06,Zone 5,35.0
827,PHILIPPI,ATHLONE,14.57,Zone 3,18.0
828,PHILIPPI,MOWBRAY,18.59,Zone 3,18.0
829,PHILIPPI,CAPE TOWN,27.03,Zone 4,25.0
830,DU NOON,BELLVILLE,22.24,Zone 4,25.0
831,LWANDLE,SIR LOWRY'S PASS,7.24,Zone 2,12.0
832,KRAAIFONTEIN,SCOTTSVILLE  - BRACKENFELL,12.07,Zone 3,18.0
833,BLOEKOMBOS,BELLVILLE (VIA WALLACEDENE),42.4,Zone 5,35.0
834,BLOEKOMBOS,SCOTTSVILLE,11.5,Zone 3,18.0
835,SCOTTSVILLE,BELLVILLE,12.94,Zone 3,18.0
836,SCOTTSVILLE,SCOTTSDENE,9.45,Zone 2,12.0
837,BRACKENFELL STATION,DURBANVILLE,16.37,Zone 3,18.0
838,NORTHPINE,CAPE GATE (VIA PROTEA HEIGHTS),23.03,Zone 4,25.0
839,SCOTTSDENE,CAPE GATE,5.71,Zone 2,12.0
840,NORTHPINE,CAPE GATE,3.76,Zone 1,8.0
841,EIKENFONTEIN,CAPE GATE,4.83,Zone 1,8.0
842,SCOTTSVILLE,CAPE GATE,3.15,Zone 1,8.0
843,BLOEKOMBOS,CAPE GATE,8.04,Zone 2,12.0
844,WALLACEDENE,CAPE GATE,6.97,Zone 2,12.0
845,KRAAIFONTEIN,CAPE GATE,7.23,Zone 2,12.0
846,BLOEKOMBOS,CAPE GATE (VIA MAROELA RD & N1),10.61,Zone 3,18.0
847,KHAYELITSHA,PANORAMA (VIA ELSIES RIVER),47.97,Zone 5,35.0
848,LANGA,VANGATE MALL,2.99,Zone 1,8.0
849,BONTEHEUWEL,VANGATE MALL,6.79,Zone 2,12.0
850,PHILIPPI,VANGATE MALL,11.74,Zone 3,18.0
851,NYANGA,VANGATE MALL,8.62,Zone 2,12.0
852,GUGULETU,VANGATE MALL,6.21,Zone 2,12.0
853,SAMORA MACHEL,VANGATE MALL,12.28,Zone 3,18.0
854,HANOVER PARK,VANGATE MALL (VIA BELGRAVIA RD),9.27,Zone 2,12.0
855,HANOVER PARK,VANGATE MALL (VIA NEWFIELDS),5.66,Zone 2,12.0
856,HANOVER PARK,VANGATE MALL (VIA VAGUARD DR),6.44,Zone 2,12.0
857,HEIDEVELD,VANGATE MALL (VIA HEIDEVELD),4.65,Zone 1,8.0
858,HEIDEVELD,VANGATE MALL (VIA DEVILS PEAK RD & KLIPFONTEIN RD),4.02,Zone 1,8.0
859,HEIDEVELD,VANGATE MALL (VIA HEIDEVELD & 5TH AVENUE),5.75,Zone 2,12.0
860,KHAYELITSHA SITE C,VANGATE MALL (VIA N2),17.27,Zone 3,18.0
861,ATHLONE,VANGATE MALL (VIA BRIDGETOWN),5.32,Zone 2,12.0
862,LEIDEN DELFT,CAPE TOWN (VIA N2 & MAIN RD),35.7,Zone 5,35.0
863,FEZEKA,MITCHELL'S PLAIN,12.78,Zone 3,18.0
864,SAMORA MACHEL,MITCHELL'S PLAIN,10.14,Zone 3,18.0
865,LWANDLE,HELDERBERG (VIA HELDERVUE),31.46,Zone 4,25.0
866,PHILIPPI STATION TRANSPORT INTERCHANGE,MITCHELLS PLAIN,15.19,Zone 3,18.0
867,NYANGA STATION PUBLIC TRANSPORT INTERCHANGE,MITCHELLS PLAIN (VIA FEZEKA),14.63,Zone 3,18.0
868,ATHLONE,BRIDGETOWN (VIA VANGATE MALL),5.73,Zone 2,12.0
869,IMIZAMO YETHU,HOUT BAY DAY HOSPITAL,5.16,Zone 2,12.0
870,IMIZAMO YETHU,SHOPRITE HOUT BAY,3.43,Zone 1,8.0
871,KENSINGTON,"BELLVILLE (VIA CAPE TOWN, N1, VANGUARD DR & VOORTREKKER RD)",41.38,Zone 5,35.0
872,KENSINGTON,"BELLVILLE (VIA CAPE TOWN, N1 & DURBAN RD)",41.31,Zone 5,35.0
873,LANGA,"BELLVILLE (VIA N2, CAPE TOWN, N1, VANGUARD DR & VOORTREKKER RD)",43.58,Zone 5,35.0
874,LANGA,"BELLVILLE (VIA N2, CAPE TOWN, N1, & DURBAN RD)",43.51,Zone 5,35.0
875,KHAYELITSHA SITE C,"BELLVILLE (VIA N2, CAPE TOWN, N1, VANGUARD DR & VOORTREKKER RD)",60.99,Zone 5,35.0
876,KHAYELITSHA SITE C,"BELLVILLE (VIA N2, CAPE TOWN, N1, & DURBAN RD)",60.93,Zone 5,35.0
877,MFULENI,TYGERBERG RAILWAY STATION (VIA ELSIES RIVER & PAROW),33.2,Zone 4,25.0
878,MFULENI,ELSIES RIVER,24.68,Zone 4,25.0
879,LWANDLE,SIR LOWRYS PASS,7.63,Zone 2,12.0
880,MAITLAND STATION,KILLARNEY & DU NOON (VIA N1 & N7),21.37,Zone 4,25.0
881,MAITLAND STATION,SUMMER GREENS(VIA N1 FREEWAY),12.69,Zone 3,18.0
882,MAITLAND STATION,SUMMER GREENS (VIA SANDRIFT),12.4,Zone 3,18.0
883,MAITLAND STATION,"WEST BEACH, SUNNINGDALE & PARKLANDS",28.59,Zone 4,25.0
884,MAITLAND STATION,KILLARNAY & DU NOON (VIA KOEBERG ROAD),18.34,Zone 3,18.0
885,MAITLAND STATION,MILNERTON RIDGE (VIA ASCOT VILLAGE),13.13,Zone 3,18.0
886,MAITLAND STATION,PARKLANDS (VIA KOEBERG ROAD),22.4,Zone 4,25.0
887,LANGA,CENTURY CITY,16.16,Zone 3,18.0
888,WYNBERG,HOUT BAY (VIA VICTORIA HOSPITAL),21.84,Zone 4,25.0
889,SUBURBAN BLISS,TYGERBERG STATION (VIA TYGERBERG HOSPITAL),24.28,Zone 4,25.0
890,MUTUAL STATION,BOTHASIG,19.95,Zone 3,18.0
891,ROOSENDAL,BELLVILLE,13.1,Zone 3,18.0
892,KOEBERG STATION,PARKLANDS,18.44,Zone 3,18.0
893,MITCHELLS PLAIN,"CLAREMONT (VIA MERRYDALE, DUINEFONTEIN & PHILLIPPI RING RD)",29.58,Zone 4,25.0
894,MITCHELLS PLAIN,"CLAREMONT (VIA MERRYDALE, LANSDOWNE, JAN SMUTS DR & TURFHALL)",27.2,Zone 4,25.0
895,MITCHELLS PLAIN,"CLAREMONT (VIA ROCKLANDS, WESTGATE MALL, OLD LANSDOWNE, HEINS & TURFHALL)",30.33,Zone 4,25.0
896,NYANGA,TYGERBERG STATION (VIA TYGERBERG HOSPITAL),23.55,Zone 4,25.0
897,MACASSAR,EERSTE RIVIER STASIE,13.56,Zone 3,18.0
898,MELKBOSSTRAND,ATLANTIS,33.06,Zone 4,25.0
899,CAPE TOWN,KOEBERG STATION,7.01,Zone 2,12.0
900,SANDRIFT,KOEBERG STATION,8.6,Zone 2,12.0
901,MONTAGUE GARDENS,KOEBERG STATION,11.67,Zone 3,18.0
902,MILNERTON,KOEBERG STATION,10.3,Zone 3,18.0
903,CAMBRIDGE,KOEBERG STATION,7.4,Zone 2,12.0
904,KOEBERG STATION,TABLEVIEW,21.84,Zone 4,25.0
905,CAPE TOWN,MAMRE (VIA KILLARNEY),79.59,Zone 5,35.0
906,TABLEVIEW,YSTERPLAAT,20.45,Zone 4,25.0
907,TABLE VIEW,DU NOON,9.51,Zone 2,12.0
908,DU NOON,TABLEVIEW,9.5,Zone 2,12.0
909,TABLE VIEW,MORNINGSTAR,17.91,Zone 3,18.0
910,MORNINGSTAR,TABLEVIEW,17.93,Zone 3,18.0
911,CAPE TOWN,TABLEVIEW (VIA SUMMER GREENS & MONTAGUE GARDENS),28.7,Zone 4,25.0
912,YSTERPLAAT STATION,TABLEVIEW,16.33,Zone 3,18.0
913,KOEBERG STATION,TABLEVIEW (VIA N1 & MONTAGUE GARDENS),22.1,Zone 4,25.0
914,KOBERG STATION,TABLEVIEW (VIA RACECOURSE),16.09,Zone 3,18.0
915,KOBERG STATION,TABLEVIEW (VIA LOXTON ROAD),15.82,Zone 3,18.0
916,KOBERG STATION,TABLEVIEW (VIA BOUNDARY ROAD),16.22,Zone 3,18.0
917,KOEBERG STATION,KILLARNEY,15.3,Zone 3,18.0
918,CAPE TOWN,KILLARNEY (VIA SUMMER GREENS & MONTAGUE GARDENS),25.98,Zone 4,25.0
919,KOEBEGR STATION,KILLARNEY,15.75,Zone 3,18.0
920,KILLARNEY,DU NOON,3.96,Zone 1,8.0
921,DE NOON,KILLARNEY,3.93,Zone 1,8.0
922,KOBERG STATION,"KILLARNEY (VIA N1, N7 & MONTAGUE GARDENS)",18.26,Zone 3,18.0
923,MORNINGSTAR,KILLARNEY,18.56,Zone 3,18.0
924,KOEBERG STATION,DOLPHIN BEACH,22.29,Zone 4,25.0
925,SUMMERGREENS,KOEBERG STATION,10.92,Zone 3,18.0
926,KILLARNEY,KOEBERG STATION,13.98,Zone 3,18.0
927,PAARDEN EILAND,KOEBERG STATION,8.53,Zone 2,12.0
928,YSTERPLAAT STATION,KOEBERG STATION,2.7,Zone 1,8.0
929,MELKBOSSTRAND,KOEBERG STATION,46.69,Zone 5,35.0
930,KOBERG STATION,MONTAGUE GARDENS,12.87,Zone 3,18.0
931,BOTHASIG,DU NOON,13.43,Zone 3,18.0
932,MAITLAND STATION,DU NOON,17.32,Zone 3,18.0
933,TABLEVIEW BAYSIDE CENTRE,KOEBERG STATION,18.01,Zone 3,18.0
934,TABLEVIEW BAYSIDE CENTRE,KEOBERG STATION,18.01,Zone 3,18.0
935,TABLEVIEW BAYSIDE CENTRE,GOODWOOD STATION,19.87,Zone 3,18.0
936,MONTAGUE GARDENS,GOODWOOD STATION,18.23,Zone 3,18.0
937,KILLARNEY,KHAYELITSHA (VIA MAITLAND & GOODWOOD),50.89,Zone 5,35.0
938,MONTAGUE GARDENS,DU NOON,9.58,Zone 2,12.0
939,JOE SLOVO PARK,DU NOON,11.8,Zone 3,18.0
940,GOODWOOD,RATANGA JUNCTION,9.89,Zone 2,12.0
941,GOODWOOD,RATANGA JUNCTION (VIA SUMMER GREENS & MONTAGUE GARDENS),18.42,Zone 3,18.0
942,MAITLAND,YSTERPLAAT,2.76,Zone 1,8.0
943,PARKLANDS,YSTERPLAAT,18.02,Zone 3,18.0
944,MONTAGUE GARDENS,YSTERPLAAT,10.21,Zone 3,18.0
945,METRO INDUSTRY (PAARDEN EILAND),YSTERPLAAT,4.72,Zone 1,8.0
946,CAPE TOWN,DU NOON,21.56,Zone 4,25.0
947,SUMMER GREENS,DU NOON,11.18,Zone 3,18.0
948,PARKLANDS,DU NOON,12.25,Zone 3,18.0
949,KILLARNEY,GUGULETU,24.47,Zone 4,25.0
950,MONTAGUE GARDENS,CAPE TOWN STATION (VIA SANDRIFT),17.7,Zone 3,18.0
951,CAPE TOWN (STATION DECK),MILNERTON,15.14,Zone 3,18.0
952,CAPE TOWN STATION,DU NOON,22.65,Zone 4,25.0
953,SUMMERGREENS,CAPE TOWN STATION,19.04,Zone 3,18.0
954,CAMBRIDGE,CAPE TOWN STATION,13.38,Zone 3,18.0
955,SANDRIFT,YSTERPLAAT,10.91,Zone 3,18.0
956,MILNERTON,YSTERPLAAT,12.15,Zone 3,18.0
957,CAMBRIDGE,YSTERPLAAT,9.16,Zone 2,12.0
958,MONTAGUE GARDENS,YSTERPLAAT (VIA SANDRIFT),15.05,Zone 3,18.0
959,CAPE TOWN,YSTERPLAAT,9.41,Zone 2,12.0
960,DU NOON,MAITLAND,19.5,Zone 3,18.0
961,MELKBOSSTRAND,CAPE TOWN,27.81,Zone 4,25.0
962,MILNERTON,CAPE TOWN,12.37,Zone 3,18.0
963,SUMMER GREENS,MAITLAND,14.46,Zone 3,18.0
964,PARKLANDS,MAITLAND,19.4,Zone 3,18.0
965,MILNERTON RIDGE,MAITLAND,13.77,Zone 3,18.0
966,YSTERPLAAT,SUMMER GREENS,11.73,Zone 3,18.0
967,SUMMER GREENS,YSTERPLAAT,11.69,Zone 3,18.0
968,YSTERPLAAT,TABLEVIEW,17.12,Zone 3,18.0
969,YSTERPLAAT,METRO,5.7,Zone 2,12.0
970,METRO,YSTERPLAAT,5.73,Zone 2,12.0
971,PARKLANDS,KOEBERG STATION,24.38,Zone 4,25.0
972,ATLANTIS,CAPE TOWN,60.27,Zone 5,35.0
973,PELLA,CAPE TOWN,72.08,Zone 5,35.0
974,NYANGA,KILLARNEY,73.44,Zone 5,35.0
975,MAITLAND,KOEBERG POWER STATION/MELLKBOS,38.15,Zone 5,35.0
976,PELLA,MONTAGUE GARDENS,63.14,Zone 5,35.0
977,KOEBERG STATION,CAPE TOWN (VIA MELKBOS STRAND),90.87,Zone 5,35.0
978,KOEBERG STATION,MELKBOSSTRAND,31.57,Zone 4,25.0
979,KOEBERG,ATLANTIS (VIA TABLE VIEW),63.62,Zone 5,35.0
980,MAMRE,KILLARNEY,56.51,Zone 5,35.0
981,YSTERPLAAT,KOEBERG POWER STATION,37.71,Zone 5,35.0
982,ATLANTIS,KILLARNEY,48.31,Zone 5,35.0
983,KILLARNEY,KOEBERG POWER STATION,27.54,Zone 4,25.0
984,TABLE VIEW,MELKBOS STRAND,23.88,Zone 4,25.0
985,TABLE VIEW,MELKBOSSTRAND,15.73,Zone 3,18.0
986,KILLARNEY,MELKBOSSTRAND,21.95,Zone 4,25.0
987,KOEBERG RAILWAY STATION,MELKBOSSTRAND,39.67,Zone 5,35.0
988,DU NOON,TABLE VIEW - MELKBOSSTRAND,21.92,Zone 4,25.0
989,SAMORA MACHEL,MELKBOSSTRAND - KILLARNEY,76.04,Zone 5,35.0
990,GUGULETU,KILLARNEY (VIA MELKBOSSTRAND),71.82,Zone 5,35.0
991,GUGULETU,KILLARNEY,82.48,Zone 5,35.0
992,SURBURBAN BLISS,KILLARNEY,85.33,Zone 5,35.0
993,CAPE TOWN (STATION DECK),KOEBERG POWER STATION,46.36,Zone 5,35.0
994,CAPE TOWN (STATION DECK),TABLE VIEW - MELKBOSSTRAND,36.09,Zone 5,35.0
995,KHAYELITSHA SITE C,MELKBOS,52.52,Zone 5,35.0
996,YSTERPLAAT RAILWAY STATION,KOEBERG POWER STATION,37.23,Zone 5,35.0
997,PHILIPPI,KILLARNEY (VIA MELKBOSSTRAND),77.19,Zone 5,35.0
998,YSTERPLAAT,CAPE TOWN (VIA MELKBOSSTRAND),90.14,Zone 5,35.0
999,MFULENI,"KILLARNEY (VIA PLATTEKLOOF, BLAAUWBERG, MELKBOSSTRAND, POTSDAM)",0.47,Zone 1,8.0
1000,MAITLAND STATION,3RD STEEN BIG BAY (VIA PAARDEN EILAND),24.36,Zone 4,25.0
1001,KILLARNEY,NYANGA,73.9,Zone 5,35.0
1002,KILLARNEY,KHAYELITSHA (VIA MELKBOSSTRAND),110.26,Zone 5,35.0
1003,KOEBERG POWER STATION,MAITLAND,44.43,Zone 5,35.0
1004,CAPE TOWN,PELLA,69.81,Zone 5,35.0
1005,MONTAGUE GARDENS,PELLA,63.15,Zone 5,35.0
1006,MELKBOSSTRAND,KOEBERG STATION (VIA TABLEVIEW),37.48,Zone 5,35.0
1007,KILLARNEY,MAMRE,57.6,Zone 5,35.0
1008,KILLARNEY,WESFLEUR ATLANTIS,49.9,Zone 5,35.0
1009,KOEBERG POWER STATION,KILLARNEY,27.11,Zone 4,25.0
1010,MELKBOSSTRAND,TABLEVIEW,23.39,Zone 4,25.0
1011,MELKBOSSTRAND,KILLARNEY (VIA SANDOWN),21.65,Zone 4,25.0
1012,MELKBOSSTRAND,KILLARNEY,19.28,Zone 3,18.0
1013,MELKBOSSTRAND,DU NOON ( VIA TABLEVIEW),21.87,Zone 4,25.0
1014,KILLARNEY,SAMORA MACHEL (VIA MELKBOSSTRAND),76.48,Zone 5,35.0
1015,KILLARNEY,GUGULETU (VIA MELKBOSSTRAND),72.21,Zone 5,35.0
1016,CAPE TOWN (STATION DECK),MELKBOSSTRAND,64.94,Zone 5,35.0
1017,MELKBOSSTRAND,CAPE TOWN STATION (VIA TABLEVIEW),43.88,Zone 5,35.0
1018,KHAYELITSHA SITE C,BLAAUWBERG,54.13,Zone 5,35.0
1019,BLAAUWBERG,KHAYELITSHA SITE C,55.33,Zone 5,35.0
1020,KOEBERG POWER STATION,YSTERPLAAT,40.37,Zone 5,35.0
1021,KILLARNEY,PHILIPPI,77.91,Zone 5,35.0
1022,YSTERPLAAT,TABLE VIEW,27.16,Zone 4,25.0
1023,PAARDEN EILAND,BLAAUWBERG,22.84,Zone 4,25.0
1024,BLAAUWBERG,PAARDEN EILAND,22.91,Zone 4,25.0
1025,MAITLAND,BLOUBERG STRAND,21.43,Zone 4,25.0
1026,BLOUBERGSTRAND,KOEBERG RAILWAY STATION,25.95,Zone 4,25.0
1027,KOEBERG STATION,BLOUBERGSTRAND,26.12,Zone 4,25.0
1028,YSTERPLAAT RAILWAY STATION,TABLEVIEW,26.37,Zone 4,25.0
1029,ATLANTIS,MONTAGUE GARDENS,51.57,Zone 5,35.0
1030,ATLANTIS,CAPE TOWN (VIA PAARDEN EILAND),63.14,Zone 5,35.0
1031,MAMRE,CAPE TOWN,67.45,Zone 5,35.0
1032,ATLANTIS,CAPE TOWN (STATION DECK),62.29,Zone 5,35.0
1033,ATLANTIS(WESFLEUR),CAPE TOWN,62.09,Zone 5,35.0
1034,TABLE VIEW,ATLANTIS,40.84,Zone 5,35.0
1035,MAMRE,MONTAGUE GARDENS,60.35,Zone 5,35.0
1036,WESFLEUR,KILLARNEY,45.48,Zone 5,35.0
1037,ATLANTIS(WESFLEUR),CENTURY CITY(RATANGA),61.57,Zone 5,35.0
1038,CAPE TOWN,ATLANTIS,60.49,Zone 5,35.0
1039,ATLANTIS,KOEBERG STATION (VIA TABLEVIEW),67.4,Zone 5,35.0
1040,MONTAGUE GARDENS,WESFLEUR ATLANTIS,51.56,Zone 5,35.0
1041,FRANKDALE,KOEBERG STATION,44.65,Zone 5,35.0
1042,CAPE TOWN,WESFLEUR ATLANTIS,59.33,Zone 5,35.0
1043,CAPE TOWN,WESFLEUR ATLANTIS (VIA PAARDEN EILAND),63.17,Zone 5,35.0
1044,CAPE TOWN,MAMRE,67.37,Zone 5,35.0
1045,MONTAGUE GARDENS,SAXONSEA ATLANTIS (VIA TABLEVIEW),54.43,Zone 5,35.0
1046,CAPE TOWN,SAXONSEA ATLANTIS,62.21,Zone 5,35.0
1047,CAPE TOWN,SAXONSEA ATLANTIS (VIA PAARDEN EILAND),66.08,Zone 5,35.0
1048,ATLANTIS,TABLEVIEW,40.67,Zone 5,35.0
1049,MONTAGUE GARDENS,MAMRE,60.34,Zone 5,35.0
1050,CAPE TOWN,VREDENBURG,121.15,Zone 5,35.0
1051,CAPE TOWN,LAMBERTSBAAI,121.15,Zone 5,35.0
1052,VREDENBURG,CAPE TOWN,121.23,Zone 5,35.0
1053,LAMBERTSBAAI,CAPE TOWN,121.23,Zone 5,35.0
1054,SALDANHA,CAPE TOWN,121.23,Zone 5,35.0
1055,CAPE TOWN,SALDANHA,121.15,Zone 5,35.0
1056,CENTURY CITY,WESFLEUR ATLANTIS,61.76,Zone 5,35.0
1057,FRANKDALE,CAPE TOWN STATION,50.28,Zone 5,35.0
1058,KOEBERG POWER STATION,CAPE TOWN STATION,47.57,Zone 5,35.0
1059,FRANKDALE,YSTERPLAAT,47.42,Zone 5,35.0
1060,KOEBERG STATION,DU NOON,21.98,Zone 4,25.0
1061,DU NOON,KOEBERG STATION,22.5,Zone 4,25.0
1062,KOEBERG STATION,"TABLEVIEW (VIA N1, N7 & PLATTEKLOOF)",25.01,Zone 4,25.0
1063,TABLEVIEW,"KOEBERG STATION (VIA PLATTEKLOOF, N7 & N1)",18.49,Zone 3,18.0
1064,KOEBERG STATION,GOODWOOD,15.05,Zone 3,18.0
1065,GOODWOOD,KOEBERG STATION,13.35,Zone 3,18.0
1066,STEENBERG,WESTLAKE - BLUE ROUTE,10.84,Zone 3,18.0
1067,KHAYELITSHA,KILLARNEY,109.29,Zone 5,35.0
1068,SURBURBAN BLISS,TYGERBERG STATION,22.27,Zone 4,25.0
1069,WESBANK,TYGERBERG,19.89,Zone 3,18.0
1070,WESBANK,TYGERBERG STATION,15.23,Zone 3,18.0
1071,WESBANK,ELSIES RIVER,16.53,Zone 3,18.0
1072,WESBANK,CAPE TOWN STATION,32.93,Zone 4,25.0
1073,SHOPRITE KUILSRIVER,ZEVENWACHT MALL,8.05,Zone 2,12.0
1074,PHILIPPI,MITCHELL'S PLAIN,10.34,Zone 3,18.0
1075,NYANGA,MITCHELL'S PLAIN,10.88,Zone 3,18.0
1076,GUGULETHU,MUTUAL,16.07,Zone 3,18.0
1077,GUGULETHU,BELLVILLE,50.53,Zone 5,35.0
1078,SAMORA MACHEL,NYANGA JUNCTION,4.58,Zone 1,8.0
1079,MELTON ROSE,ZEVENWACHT MALL,7.22,Zone 2,12.0
1080,WALLACEDENE,BRACKENFELL,7.25,Zone 2,12.0
1081,MITCHELL'S PLAIN,MITCHELL'S PLAIN,6.18,Zone 2,12.0
1082,WESTLAKE,WYNBERG (CONSTANTIA),16.26,Zone 3,18.0
1083,NYANGA,CENTURY CITY (VIA BOSMANSDAM ROAD),23.78,Zone 4,25.0
1084,NYANGA,CENTURY CITY (VIA N1 - SABLE ROAD),22.96,Zone 4,25.0
1085,PHILIPPI STATION,KILLARNEY,31.46,Zone 4,25.0
1086,VRYGROND,FISH HOEK,11.09,Zone 3,18.0
1087,VRYGROND,KHAYELITSHA,84.93,Zone 5,35.0
1088,VRYGROND,MUIZENBERG,5.02,Zone 2,12.0
1089,TYGERBERG STATION,SURBURBAN BLISS,22.54,Zone 4,25.0
1090,PHILIPPI,LANGA,14.29,Zone 3,18.0
1091,LANGA,PHILIPPI,13.99,Zone 3,18.0
1092,ELSIES RIVER,WESBANK,16.53,Zone 3,18.0
1093,CAPE TOWN,WESBANK,33.06,Zone 4,25.0
1094,ZEVENWACHT MALL,SHOPRITE KUILSRIVER,8.09,Zone 2,12.0
1095,MITCHELL'S PLAIN,PHILIPPI,10.55,Zone 3,18.0
1096,MITCHELL'S PLAIN,NYANGA (VIA SAMORA MACHEL),21.2,Zone 4,25.0
1097,MUTUAL,GUGULETHU,15.66,Zone 3,18.0
1098,MITCHELL'S PLAIN,NYANGA,16.88,Zone 3,18.0
1099,ZEVENWACHT MALL,MELTON ROSE,7.13,Zone 2,12.0
1100,BRACKENFELL,WALLACEDENE,11.51,Zone 3,18.0
1101,WYNBERG (CONSTANTIA),WESTLAKE,16.32,Zone 3,18.0
1102,CENTURY CITY (VIA BOSMANSDAM ROAD),NYANGA,24.55,Zone 4,25.0
1103,CENTURY CITY (VIA N1 - SABLE ROAD),NYANGA,23.39,Zone 4,25.0
1104,KILLARNEY,PHILIPPI STATION,32.2,Zone 4,25.0
1105,BELLVILLE,MELTON ROSE,17.48,Zone 3,18.0
1106,FISH HOEK,VRYGROND,11.26,Zone 3,18.0
1107,MUIZENBERG,VRYGROND,4.95,Zone 1,8.0
1108,MFULENI,ATHLONE,26.61,Zone 4,25.0
1109,MFULENI,MOWBRAY,29.83,Zone 4,25.0
1110,MFULENI,CLAREMONT(VIA WYNBERG),30.78,Zone 4,25.0
1111,MFULENI,WYNBERG,27.25,Zone 4,25.0
1112,MFULENI RANK,EXTENSION 3,2.49,Zone 1,8.0
1113,MFULENI,LANGA/EPPING,23.26,Zone 4,25.0
1114,MFULENI,CAPE TOWN (STATION DECK),36.0,Zone 5,35.0
1115,MFULENI,MITCHELLS PLAIN,15.13,Zone 3,18.0
1116,MFULENI,CAPE TOWN,36.14,Zone 5,35.0
1117,MFULENI,"CLAREMONT (LANSDOWNE RD, JAN SMUTS DR & TURFHALL RD)",29.17,Zone 4,25.0
1118,MFULENI,MELKBOSSTRAND - KILLARNEY,114.45,Zone 5,35.0
1119,MFULENI,KILLARNEY (VIA MELKBOSSTRAND),86.08,Zone 5,35.0
1120,KILLARNEY,MFULENI (VIA MELKBOSSTRAND & MONTAGUE GARDENS),85.92,Zone 5,35.0
1121,KILLARNEY,MFULENI (VIA MELKBOSSTRAND & PLATTEKLOOF),83.97,Zone 5,35.0
1122,MFULENI,FISH HOEK,0.47,Zone 1,8.0